Attendance,Hours_Studied,Prev_GPA,Quiz_Avg,Midterm_Score,Assignment_Avg,Presentation_Marks,Internal_Marks,Final_Score,Total_Weighted,Grade,GPA_Points
88.0,5,2.48,57.51,63.63,79.82,60.01,90.67,68.34,67.39,C+,2.3
80.3,7,2.98,67.39,66.48,76.81,69.35,50.54,63.47,65.79,C+,2.3
89.8,4,3.01,61.69,100.0,79.75,63.07,71.23,65.35,75.08,B,3.0
100.0,6,3.28,71.1,85.27,93.9,79.31,78.74,70.14,77.33,B+,3.3
79.2,1,2.18,66.13,100.0,90.67,88.89,69.56,76.54,82.52,A-,3.7
79.2,8,3.36,91.52,64.01,91.81,63.08,81.49,88.32,81.47,B+,3.3
100.0,8,1.5,68.78,65.24,80.82,89.61,82.15,57.99,66.5,C+,2.3
91.2,4,2.62,50.62,46.09,98.38,58.33,73.9,60.07,59.59,C,2.0
76.4,10,2.71,94.58,57.53,79.73,60.22,72.33,62.79,68.29,B-,2.7
88.5,11,3.38,69.51,100.0,100.0,94.8,76.36,86.79,88.7,A,4.0
76.4,1,3.01,71.5,57.03,74.92,86.97,63.82,72.0,68.81,B-,2.7
76.4,4,2.16,77.78,94.79,82.25,84.41,82.11,82.18,84.78,A-,3.7
84.9,4,2.41,75.92,46.04,77.57,47.25,63.88,39.73,52.1,D+,1.3
59.0,4,3.12,89.59,49.32,78.51,62.79,85.03,53.49,62.41,C,2.0
61.3,11,2.95,84.82,65.17,79.1,90.44,77.9,83.3,78.66,B+,3.3
75.3,7,2.65,62.11,67.01,97.17,73.78,67.73,66.21,69.34,B-,2.7
69.8,6,2.71,100.0,81.79,71.22,52.69,82.68,61.39,73.9,B,3.0
85.8,1,3.42,77.88,75.17,72.08,81.21,64.78,57.37,67.93,B-,2.7
71.1,10,2.69,74.66,63.21,100.0,62.0,85.8,75.13,74.44,B,3.0
65.1,3,2.95,86.87,63.28,90.14,100.0,75.39,75.69,76.91,B,3.0
99.6,8,4.0,87.3,71.45,60.94,100.0,75.21,72.71,74.9,B,3.0
79.3,9,2.15,80.82,53.2,74.05,83.7,82.23,85.98,75.52,B,3.0
82.8,13,1.89,100.0,55.73,61.2,99.44,84.59,75.33,74.39,B,3.0
64.9,2,3.47,69.64,83.22,68.36,72.94,89.98,66.45,72.81,B,3.0
75.5,1,2.59,65.84,34.36,38.95,82.39,84.14,34.91,44.65,F,0.0
83.3,8,2.81,78.92,96.05,81.53,100.0,84.05,70.89,81.56,B+,3.3
68.2,15,2.53,95.51,66.95,71.74,81.86,63.65,76.49,76.11,B,3.0
86.5,12,2.84,57.81,61.05,87.13,73.82,100.0,61.71,66.02,C+,2.3
74.8,8,3.96,51.44,85.76,67.42,48.24,61.27,86.87,76.12,B,3.0
78.5,6,3.48,69.16,94.73,84.96,74.47,91.26,92.91,88.01,A,4.0
74.8,11,3.52,56.75,92.14,82.28,94.08,87.3,86.05,83.26,A-,3.7
100.0,4,2.15,67.03,74.43,97.42,88.42,56.96,53.42,67.04,C+,2.3
81.8,9,2.31,83.26,86.11,98.66,82.8,73.98,70.44,79.9,B+,3.3
69.3,10,1.5,58.57,37.47,87.35,60.19,70.83,62.86,58.58,C,2.0
91.9,12,2.51,58.23,64.28,81.71,42.05,97.91,59.26,63.68,C+,2.3
67.3,19,3.57,87.35,64.73,100.0,75.4,76.32,90.98,83.26,A-,3.7
84.5,9,3.31,92.93,92.58,67.35,72.51,76.32,84.92,85.23,A-,3.7
58.5,5,2.87,47.41,59.69,61.99,65.2,40.13,53.9,55.06,C-,1.7
66.1,7,2.99,87.77,82.0,80.46,84.6,99.76,68.93,78.5,B+,3.3
84.4,1,2.59,83.76,73.07,100.0,100.0,56.51,65.9,75.02,B,3.0
90.9,5,3.12,91.38,56.27,80.64,77.29,81.65,65.67,70.06,B-,2.7
84.1,6,3.46,96.73,62.06,82.25,72.55,77.03,78.51,77.13,B,3.0
80.6,5,2.03,100.0,85.38,60.38,65.01,70.31,61.92,73.92,B,3.0
78.4,8,3.18,72.82,58.75,95.51,78.4,89.5,63.69,69.03,B-,2.7
64.3,4,3.56,77.11,70.47,92.91,58.56,98.87,69.26,74.05,B,3.0
73.4,12,2.75,72.49,59.22,94.21,78.9,82.26,74.54,72.98,B,3.0
76.5,8,3.42,78.96,66.91,77.38,85.04,88.1,60.47,69.15,B-,2.7
94.7,7,4.0,100.0,74.63,79.89,84.14,86.97,63.48,75.6,B,3.0
86.1,6,2.94,56.39,57.04,67.05,82.81,90.82,65.25,64.21,C+,2.3
60.8,8,3.24,63.72,54.27,83.65,82.45,70.16,46.18,57.6,C-,1.7
85.9,11,2.56,99.19,76.11,71.57,44.64,93.59,86.89,82.73,A-,3.7
77.4,4,3.11,90.28,54.46,66.85,84.44,90.53,59.98,66.58,C+,2.3
73.9,5,3.28,70.56,56.04,76.93,61.93,91.17,44.82,57.87,C-,1.7
89.3,6,3.12,90.43,55.59,77.74,55.88,68.37,57.28,64.36,C+,2.3
94.4,2,2.39,77.52,64.15,71.94,50.52,70.04,61.78,65.6,C+,2.3
93.2,4,3.12,99.1,84.7,88.2,82.4,79.95,71.16,81.44,B+,3.3
71.9,6,3.88,80.03,96.01,85.86,72.9,59.72,80.03,83.24,A-,3.7
78.3,11,3.27,95.99,62.0,83.15,48.33,100.0,78.76,77.13,B,3.0
86.0,9,3.58,100.0,100.0,89.42,87.82,81.05,86.06,91.81,A,4.0
93.7,8,2.86,87.38,55.33,72.51,50.5,82.38,52.92,62.0,C,2.0
76.2,11,3.45,81.86,91.46,88.38,81.64,73.04,79.32,83.44,A-,3.7
79.8,7,3.17,88.4,59.01,85.37,79.85,58.98,79.67,75.36,B,3.0
68.7,9,2.43,69.41,53.96,62.85,88.83,66.43,75.72,68.24,B-,2.7
67.6,7,3.19,100.0,57.5,94.37,100.0,79.49,49.44,67.56,C+,2.3
91.8,9,2.4,79.78,69.24,72.5,50.52,86.51,77.43,74.35,B,3.0
98.3,5,2.62,71.72,78.09,82.89,72.87,78.08,70.63,74.37,B,3.0
81.1,1,3.11,60.71,76.97,93.22,66.28,78.1,74.2,74.57,B,3.0
94.0,7,3.18,95.48,56.92,96.13,84.83,74.3,62.35,71.06,B-,2.7
86.3,13,2.29,91.9,56.06,85.3,80.77,85.84,50.86,65.0,C+,2.3
74.3,11,3.63,74.19,59.98,83.3,73.3,100.0,75.29,73.23,B,3.0
86.3,11,3.34,90.34,72.91,99.06,71.75,91.56,67.98,77.04,B,3.0
100.0,12,2.58,58.09,70.36,94.82,58.62,92.05,55.44,65.49,C+,2.3
81.6,8,2.08,76.85,51.88,72.66,89.86,78.2,45.96,58.55,C,2.0
100.0,8,2.91,86.03,76.55,75.7,85.51,58.2,77.57,77.82,B+,3.3
50.6,5,2.73,97.09,100.0,52.61,86.0,56.85,78.94,83.54,A-,3.7
91.9,6,3.07,66.11,62.59,85.52,70.08,84.04,71.21,70.31,B-,2.7
83.0,10,2.78,59.24,64.48,83.43,64.6,78.27,71.31,69.02,B-,2.7
78.4,12,1.8,62.01,77.39,95.07,54.03,81.6,65.84,71.27,B-,2.7
83.1,7,2.77,56.24,60.35,86.6,80.75,99.76,61.73,65.9,C+,2.3
58.1,6,2.82,93.34,76.99,95.3,52.57,83.45,67.57,76.61,B,3.0
79.4,8,3.38,100.0,60.56,76.69,100.0,96.68,69.08,75.27,B,3.0
86.3,10,2.58,82.75,100.0,97.61,52.41,79.28,73.04,82.97,A-,3.7
99.7,2,4.0,97.69,77.89,79.02,82.3,68.07,76.63,80.2,B+,3.3
75.8,1,1.85,69.69,50.76,83.01,93.88,66.87,63.22,64.77,C+,2.3
72.3,5,3.79,76.46,61.47,66.38,86.67,66.62,55.42,63.31,C+,2.3
76.0,3,2.87,68.18,57.96,82.0,74.34,95.0,72.32,70.31,B-,2.7
93.0,5,3.52,74.22,93.84,61.06,59.45,89.95,75.93,78.54,B+,3.3
85.9,7,3.05,54.47,50.39,80.48,50.82,84.98,58.45,58.99,C,2.0
75.6,6,3.68,82.44,60.79,89.76,90.34,95.78,51.67,66.52,C+,2.3
88.2,13,2.77,80.39,65.01,80.75,100.0,52.72,52.38,64.97,C+,2.3
83.2,9,2.34,87.16,68.73,69.37,66.08,84.21,69.06,72.33,B-,2.7
93.6,9,3.85,84.46,71.72,99.21,60.56,64.71,81.82,79.51,B+,3.3
73.6,10,2.93,75.64,47.22,82.84,31.83,77.98,52.12,57.77,C-,1.7
78.1,3,3.13,61.36,61.03,74.56,54.78,70.07,74.09,67.8,B-,2.7
77.3,12,3.74,84.17,74.5,89.59,79.04,92.35,85.65,83.04,A-,3.7
64.4,7,2.38,83.93,55.81,100.0,99.64,76.05,55.82,67.65,C+,2.3
85.6,10,3.36,63.85,84.99,100.0,91.12,99.83,79.33,82.1,A-,3.7
85.1,3,2.65,74.52,80.92,93.16,76.7,64.78,93.58,85.23,A-,3.7
82.1,1,2.92,76.09,64.34,83.82,63.39,82.52,48.45,62.55,C,2.0
79.2,11,3.04,69.01,76.47,87.78,67.28,82.05,78.32,77.04,B,3.0
65.0,9,2.1,64.38,31.62,50.45,96.5,50.31,43.46,47.33,F,0.0
77.0,4,2.53,76.08,58.88,70.47,74.23,59.76,65.11,65.92,C+,2.3
77.9,4,3.81,60.83,86.91,78.06,37.98,75.73,82.58,77.37,B+,3.3
72.4,12,3.53,87.01,67.99,65.26,67.64,97.33,68.98,72.42,B-,2.7
80.1,3,2.96,60.52,55.15,66.06,56.5,80.44,65.43,62.49,C,2.0
86.8,14,3.15,99.02,100.0,65.31,71.25,66.73,100.0,93.28,A,4.0
100.0,4,2.82,100.0,98.19,81.62,84.21,74.12,81.07,88.05,A,4.0
84.1,10,3.81,69.74,83.13,98.48,78.72,100.0,87.37,84.98,A-,3.7
85.1,6,2.88,84.24,87.45,95.51,72.85,77.79,70.5,79.78,B+,3.3
81.1,10,3.14,68.77,37.06,90.65,100.0,75.09,58.5,60.8,C,2.0
59.0,5,3.69,91.77,56.56,70.6,61.62,83.04,61.89,66.96,C+,2.3
81.7,7,2.53,56.21,60.67,58.01,100.0,85.88,67.34,65.63,C+,2.3
82.7,8,3.94,88.84,70.85,66.55,67.55,75.24,83.36,78.18,B+,3.3
100.0,3,2.08,59.33,57.58,63.19,72.03,79.46,52.18,58.06,C-,1.7
79.7,10,3.98,79.79,35.09,78.22,75.83,78.29,74.32,66.0,C+,2.3
85.6,5,2.78,59.71,74.36,79.26,75.4,85.25,80.66,75.77,B,3.0
81.6,7,2.85,88.8,78.16,70.29,82.46,78.84,80.52,80.16,B+,3.3
68.0,4,1.87,56.53,87.71,79.15,74.89,75.83,61.53,70.47,B-,2.7
95.7,1,2.73,81.47,53.58,76.4,57.63,62.56,48.76,58.77,C,2.0
91.0,7,2.38,70.36,54.6,81.65,53.31,64.02,49.5,58.03,C-,1.7
91.5,17,2.64,81.89,33.73,100.0,100.0,96.85,74.46,70.34,B-,2.7
71.1,11,2.92,80.71,66.79,70.33,67.78,77.38,56.55,65.71,C+,2.3
98.8,7,3.57,69.63,88.48,92.08,91.65,85.05,84.82,84.54,A-,3.7
65.2,6,3.12,78.36,58.41,81.03,44.26,70.91,50.47,60.41,C,2.0
89.0,8,3.18,100.0,100.0,81.22,72.19,91.8,93.51,93.72,A,4.0
100.0,10,2.34,66.69,67.25,94.98,74.07,69.85,67.12,70.36,B-,2.7
70.1,3,2.47,88.57,66.34,87.54,77.5,69.09,77.67,77.02,B,3.0
75.2,12,4.0,100.0,55.11,78.56,32.92,94.92,81.71,75.71,B,3.0
83.2,10,2.56,65.32,75.16,81.37,78.55,93.98,84.87,79.3,B+,3.3
76.0,10,3.99,60.73,43.89,91.93,59.86,75.23,74.7,65.91,C+,2.3
63.4,9,2.85,80.57,80.14,78.76,79.88,100.0,76.32,79.52,B+,3.3
82.8,8,3.0,69.67,82.47,90.9,57.23,82.27,61.42,71.7,B-,2.7
69.3,10,3.64,100.0,95.24,89.86,63.09,65.89,74.61,84.09,A-,3.7
87.7,10,3.76,83.33,59.49,100.0,75.88,87.98,50.52,65.77,C+,2.3
71.0,6,2.93,62.99,70.59,62.66,54.08,69.66,51.12,60.0,C,2.0
100.0,5,2.77,59.37,78.6,81.11,66.02,82.66,67.25,71.0,B-,2.7
72.6,8,2.97,93.09,76.82,71.84,53.26,76.14,66.17,73.29,B,3.0
78.1,14,3.2,73.84,61.57,95.66,47.41,83.45,68.51,69.98,B-,2.7
91.8,3,3.53,78.06,32.13,63.99,93.72,64.64,54.88,56.01,C-,1.7
67.2,2,3.0,86.46,70.67,82.28,46.79,85.98,62.06,70.33,B-,2.7
84.7,8,3.37,72.29,70.11,77.99,74.33,63.36,56.78,65.77,C+,2.3
97.7,8,3.98,82.6,67.22,80.48,94.84,67.77,70.88,73.72,B,3.0
62.7,8,3.23,76.54,82.01,65.43,63.72,81.93,63.2,71.09,B-,2.7
84.2,8,3.19,89.03,71.06,79.2,61.93,100.0,69.06,74.76,B,3.0
85.1,7,2.09,82.63,45.66,92.78,75.84,68.83,71.07,68.75,B-,2.7
91.4,13,1.5,72.94,38.34,81.94,94.36,86.05,54.28,59.45,C,2.0
67.2,1,3.23,73.29,47.28,85.87,49.29,87.37,71.86,66.98,C+,2.3
66.2,4,2.94,67.6,100.0,99.16,68.48,84.59,92.38,89.66,A,4.0
88.3,7,2.69,54.33,81.05,85.66,43.31,72.13,61.09,67.19,C+,2.3
85.6,1,3.15,77.72,69.88,73.15,64.78,58.59,50.61,62.85,C,2.0
85.0,7,2.96,100.0,67.33,88.85,75.86,46.33,69.05,74.45,B,3.0
86.2,14,3.68,71.88,74.18,84.61,67.76,81.46,87.61,80.29,B+,3.3
73.8,8,3.05,65.58,88.86,77.13,66.95,93.67,69.85,75.73,B,3.0
84.8,8,2.55,63.22,61.43,64.04,48.93,60.54,67.39,63.67,C+,2.3
85.5,2,3.59,87.18,78.54,93.43,75.7,86.11,84.49,83.94,A-,3.7
73.4,5,2.87,81.05,61.75,75.69,91.32,61.02,55.23,64.87,C+,2.3
100.0,6,3.32,77.1,100.0,87.67,57.73,80.97,73.31,81.59,B+,3.3
87.7,6,2.71,62.04,80.69,69.38,62.6,85.72,74.34,73.57,B,3.0
67.7,13,2.61,79.7,91.24,89.54,85.36,69.08,82.92,84.61,A-,3.7
89.9,10,3.05,56.72,63.84,77.05,100.0,82.58,59.14,64.96,C+,2.3
70.3,3,3.01,75.32,83.1,77.47,44.29,67.36,64.12,71.05,B-,2.7
91.4,8,3.29,92.97,67.9,96.43,74.86,89.77,72.5,77.8,B+,3.3
95.9,9,2.84,60.48,74.01,94.74,82.35,82.54,54.6,67.13,C+,2.3
72.2,12,1.9,52.23,94.38,80.96,71.38,76.01,82.46,79.88,B+,3.3
93.6,14,2.74,100.0,58.44,66.9,35.54,100.0,64.4,68.84,B-,2.7
87.0,3,3.48,67.54,72.97,100.0,83.74,85.99,40.92,63.23,C+,2.3
91.9,4,2.82,92.31,75.28,100.0,100.0,65.61,72.05,79.77,B+,3.3
100.0,2,2.85,72.49,76.12,89.47,74.9,73.6,58.9,69.84,B-,2.7
79.1,7,3.59,76.74,64.96,76.13,58.61,78.11,83.06,75.42,B,3.0
73.0,9,2.57,82.46,100.0,80.52,64.64,77.0,74.82,82.43,A-,3.7
71.3,11,2.07,61.85,47.39,74.59,100.0,100.0,48.14,57.84,C-,1.7
72.2,7,2.9,77.71,92.06,96.89,90.1,80.91,84.3,86.63,A-,3.7
81.1,6,2.71,69.43,87.59,84.3,84.67,46.65,65.12,73.35,B,3.0
86.1,8,2.42,56.08,99.3,72.48,80.31,68.29,67.07,74.74,B,3.0
85.3,4,2.89,79.95,42.48,75.24,60.99,47.84,57.27,58.49,C,2.0
91.9,16,3.29,81.6,64.65,100.0,79.94,80.93,65.96,72.83,B,3.0
82.2,1,2.99,70.52,89.75,98.08,69.48,45.06,55.67,70.82,B-,2.7
99.4,8,3.18,62.11,43.23,100.0,88.15,68.06,75.63,68.18,B-,2.7
78.8,16,4.0,100.0,54.38,100.0,100.0,65.79,82.84,80.02,B+,3.3
100.0,8,2.79,91.91,63.95,81.73,96.89,84.14,66.92,73.77,B,3.0
89.5,7,3.17,92.99,74.6,45.63,50.98,78.54,67.97,70.83,B-,2.7
71.7,6,2.69,69.55,92.61,83.7,76.16,78.37,79.85,81.62,B+,3.3
69.1,7,2.49,47.83,63.81,79.75,85.03,72.31,69.75,66.87,C+,2.3
87.8,13,2.65,100.0,63.75,88.16,89.62,60.96,65.66,73.55,B,3.0
79.3,1,2.71,70.55,69.45,78.12,58.14,78.66,64.2,68.28,B-,2.7
90.6,14,3.22,72.51,84.25,73.82,100.0,100.0,75.44,79.5,B+,3.3
87.7,2,4.0,84.42,78.23,90.86,53.18,83.9,69.51,75.96,B,3.0
81.1,6,2.57,92.1,64.74,88.18,53.09,68.63,67.15,71.76,B-,2.7
71.8,6,2.75,74.03,36.1,88.57,76.58,54.39,52.26,56.44,C-,1.7
63.8,10,2.96,96.4,55.54,94.58,100.0,64.51,76.61,76.67,B,3.0
76.6,1,3.24,89.56,89.04,86.57,56.27,79.66,78.23,82.44,A-,3.7
92.3,9,3.16,64.02,76.16,81.25,73.39,95.19,56.19,67.67,C+,2.3
84.6,16,3.77,76.63,74.58,91.89,100.0,90.39,67.88,76.0,B,3.0
67.1,2,1.54,80.63,77.16,73.36,63.95,77.47,59.02,69.4,B-,2.7
84.1,8,1.57,31.6,47.21,79.58,64.27,82.2,67.12,58.67,C,2.0
86.6,5,2.7,72.72,64.35,92.94,83.14,82.05,56.19,67.02,C+,2.3
71.4,9,3.66,58.62,75.28,93.8,82.99,70.86,69.8,72.61,B,3.0
83.8,8,2.06,67.07,60.16,100.0,90.77,76.65,58.28,66.78,C+,2.3
82.7,5,1.5,65.29,64.38,100.0,91.02,57.89,54.95,65.31,C+,2.3
68.3,9,3.34,73.12,68.49,85.45,82.02,78.73,71.83,73.4,B,3.0
86.3,15,3.15,75.45,54.34,43.69,86.98,88.36,79.32,69.77,B-,2.7
88.7,7,2.35,58.71,71.07,96.01,77.02,98.67,71.31,73.48,B,3.0
95.0,10,2.41,100.0,49.89,77.66,84.94,59.8,55.45,64.65,C+,2.3
94.6,2,2.42,100.0,68.19,68.92,71.53,79.28,91.79,83.2,A-,3.7
65.5,4,3.07,56.2,88.62,74.85,71.62,94.37,71.12,74.82,B,3.0
70.7,9,2.62,99.58,64.35,76.49,95.39,86.47,64.95,73.75,B,3.0
88.2,13,3.3,77.13,57.38,96.47,100.0,94.78,86.03,79.71,B+,3.3
88.2,9,1.5,75.06,64.09,60.41,43.98,81.35,55.01,61.59,C,2.0
88.2,6,2.49,74.03,54.67,68.05,73.16,93.16,75.45,70.07,B-,2.7
100.0,7,2.32,66.28,78.69,86.3,61.78,60.96,58.53,67.79,B-,2.7
88.9,2,2.85,88.45,64.32,87.17,66.09,54.29,76.66,74.75,B,3.0
95.6,10,2.68,81.17,99.64,92.98,84.53,79.19,85.72,88.86,A,4.0
93.4,11,3.48,75.81,94.57,79.52,93.01,52.7,94.3,87.97,A,4.0
89.8,6,1.88,53.13,63.25,66.96,68.68,89.93,76.11,68.85,B-,2.7
78.2,6,3.03,62.74,80.59,76.06,39.7,93.23,56.65,66.47,C+,2.3
91.1,9,3.34,56.15,67.48,89.65,61.4,74.7,79.04,72.68,B,3.0
72.7,6,4.0,79.65,73.01,100.0,93.61,74.28,59.96,72.58,B,3.0
79.2,7,2.71,57.71,62.88,57.09,24.33,74.65,46.02,53.44,D+,1.3
76.2,16,3.19,79.6,88.84,86.93,100.0,84.31,77.33,82.99,A-,3.7
83.0,7,1.92,93.43,88.81,62.89,80.26,74.66,78.66,81.72,B+,3.3
100.0,6,1.56,90.43,78.22,58.61,94.13,80.26,68.16,74.96,B,3.0
59.6,5,3.51,75.02,83.25,93.1,69.93,73.08,71.87,77.27,B+,3.3
90.2,10,3.0,78.71,87.79,92.56,40.91,93.22,79.35,81.46,B+,3.3
62.6,7,3.71,100.0,79.82,89.39,83.75,84.24,84.7,86.18,A-,3.7
76.3,5,2.18,79.66,46.62,88.9,92.79,63.35,63.18,65.57,C+,2.3
95.1,13,3.31,78.93,100.0,84.09,98.49,100.0,99.14,94.83,A,4.0
82.8,13,4.0,63.99,100.0,86.19,71.45,66.36,100.0,90.11,A,4.0
69.1,5,3.25,81.32,64.67,100.0,74.97,74.12,67.18,72.69,B,3.0
73.4,1,3.17,85.16,59.79,75.76,61.13,86.26,55.1,64.71,C+,2.3
90.2,12,3.01,71.99,84.26,96.28,64.71,71.34,83.59,81.73,B+,3.3
73.2,5,2.06,75.43,72.87,77.14,86.26,75.39,53.72,66.82,C+,2.3
84.6,11,3.81,77.95,73.17,67.22,59.84,91.01,66.21,70.73,B-,2.7
82.5,1,2.63,68.71,44.47,52.93,53.38,59.42,56.35,54.9,C-,1.7
74.2,11,3.3,43.0,78.21,79.37,58.45,79.31,67.82,67.96,B-,2.7
100.0,3,2.06,69.01,74.16,91.01,43.52,70.15,50.12,63.73,C+,2.3
89.6,10,2.29,91.66,81.73,92.58,77.76,69.4,61.38,75.35,B,3.0
57.7,8,3.86,69.34,77.4,95.78,97.72,100.0,76.96,80.0,B+,3.3
84.2,4,2.79,75.17,63.04,68.54,69.05,63.7,71.38,69.08,B-,2.7
74.1,6,3.87,67.75,87.99,100.0,49.99,93.16,87.98,84.51,A-,3.7
92.2,10,2.95,85.43,74.07,74.44,93.14,74.52,74.25,76.86,B,3.0
72.5,8,1.89,69.16,57.97,80.96,100.0,57.2,80.33,72.96,B,3.0
80.6,10,3.54,67.13,71.33,87.1,67.59,82.66,70.13,72.17,B-,2.7
88.1,15,2.65,100.0,46.97,85.82,71.3,91.0,66.98,70.23,B-,2.7
92.4,1,3.42,89.55,65.7,97.68,82.9,88.51,41.68,64.87,C+,2.3
67.6,14,3.02,71.57,84.65,78.18,100.0,100.0,75.99,80.11,B+,3.3
78.0,8,2.07,81.15,72.12,63.48,62.32,100.0,75.18,74.74,B,3.0
76.3,4,3.1,82.89,92.16,81.07,48.85,78.34,90.15,86.0,A-,3.7
74.2,2,4.0,86.45,65.61,78.02,86.19,67.54,57.9,68.02,B-,2.7
100.0,7,3.3,54.69,80.9,100.0,92.48,86.44,77.63,78.43,B+,3.3
86.9,11,2.97,95.37,85.95,94.39,78.38,76.54,92.02,89.79,A,4.0
66.9,7,3.65,69.64,100.0,79.28,66.14,91.15,80.73,83.53,A-,3.7
93.0,14,3.13,78.25,78.94,76.95,99.52,65.46,54.75,69.31,B-,2.7
100.0,2,3.13,100.0,52.21,59.36,83.42,100.0,62.79,68.28,B-,2.7
94.4,7,2.35,80.27,82.31,69.44,59.91,87.72,78.03,78.15,B+,3.3
63.8,2,3.14,66.55,95.19,79.72,71.22,48.76,61.91,72.51,B,3.0
76.2,9,3.62,47.32,68.24,100.0,54.07,70.47,63.88,65.94,C+,2.3
97.2,11,2.5,100.0,85.88,98.88,89.77,90.85,71.21,83.87,A-,3.7
73.5,6,3.85,58.77,91.61,87.7,72.23,95.42,51.04,69.28,B-,2.7
87.3,1,2.94,58.14,82.46,75.31,63.35,55.38,73.54,72.22,B-,2.7
91.3,8,2.47,71.64,71.62,85.84,74.02,86.59,68.15,72.52,B,3.0
70.9,9,3.6,100.0,61.61,79.57,78.52,52.53,85.88,79.26,B+,3.3
81.3,9,2.83,89.35,69.45,100.0,91.86,76.5,82.0,81.98,A-,3.7
43.1,12,3.46,76.18,78.89,82.28,87.19,94.12,74.38,78.2,B+,3.3
69.7,3,2.82,76.97,79.88,77.31,67.53,64.63,66.31,72.38,B-,2.7
79.0,10,2.96,69.73,77.08,58.15,90.49,57.64,75.08,72.98,B,3.0
67.0,12,3.3,82.39,67.22,83.95,85.51,82.35,82.96,79.14,B+,3.3
100.0,1,3.17,76.48,77.27,91.42,65.7,66.91,70.05,74.58,B,3.0
64.8,9,1.8,86.51,78.74,65.17,67.74,80.79,80.72,78.89,B+,3.3
76.7,5,2.33,87.0,71.56,69.48,67.82,60.1,61.63,68.94,B-,2.7
83.6,7,3.56,86.91,59.12,95.01,86.59,68.68,58.13,68.33,B-,2.7
99.3,9,2.92,74.47,70.01,68.19,71.3,51.62,65.54,67.85,B-,2.7
64.8,6,2.69,84.57,81.61,92.13,64.41,75.82,74.83,79.24,B+,3.3
96.0,5,2.18,72.44,44.69,73.43,100.0,71.57,41.85,54.7,C-,1.7
82.1,8,2.35,58.98,34.72,76.55,90.13,58.57,36.33,47.15,F,0.0
70.2,3,1.79,62.23,85.41,60.79,52.59,70.99,66.96,69.73,B-,2.7
87.5,3,2.94,75.88,75.79,85.15,82.89,88.99,64.34,73.18,B,3.0
84.4,10,2.64,91.65,80.71,100.0,78.13,74.98,76.13,82.03,A-,3.7
74.8,3,2.42,68.51,47.03,86.64,76.31,75.01,50.02,58.27,C,2.0
82.8,10,2.96,60.98,83.92,74.75,79.59,82.95,88.42,81.1,B+,3.3
77.4,9,3.22,79.77,76.32,98.55,98.33,62.06,87.79,84.04,A-,3.7
83.4,1,4.0,78.74,44.69,79.24,81.26,100.0,45.05,57.99,C-,1.7
89.9,5,2.09,75.64,88.64,95.34,69.73,66.26,66.78,76.55,B,3.0
100.0,12,3.7,99.0,80.74,100.0,100.0,94.39,93.61,92.2,A,4.0
67.1,4,3.58,91.11,62.49,46.51,78.03,86.6,69.52,69.98,B-,2.7
100.0,6,2.53,67.41,63.27,70.27,76.51,74.37,60.4,64.66,C+,2.3
58.6,9,3.12,67.4,37.4,93.97,80.29,85.14,45.91,55.49,C-,1.7
80.2,11,2.73,63.04,81.13,86.46,74.96,82.08,66.66,72.9,B,3.0
89.1,6,3.11,88.03,74.74,71.26,75.72,57.7,64.01,71.29,B-,2.7
85.4,5,3.91,100.0,69.57,78.08,67.12,75.03,74.04,76.92,B,3.0
74.5,13,3.36,77.26,95.45,65.12,66.47,73.41,98.46,88.34,A,4.0
79.5,14,3.31,79.37,53.85,87.93,63.02,76.53,61.12,65.59,C+,2.3
76.1,11,2.74,100.0,61.72,100.0,51.21,60.01,60.09,70.03,B-,2.7
74.9,8,2.11,81.11,52.93,89.19,55.7,89.3,59.7,65.45,C+,2.3
92.2,4,2.87,82.04,64.04,100.0,70.36,97.93,76.83,77.46,B+,3.3
86.3,4,3.72,60.45,72.39,94.9,78.17,92.0,53.85,66.7,C+,2.3
73.7,10,2.08,84.87,74.57,93.02,67.81,92.48,87.11,83.53,A-,3.7
92.8,9,2.37,63.12,64.51,100.0,32.66,72.24,61.47,65.43,C+,2.3
85.7,13,3.08,64.98,60.95,92.52,100.0,73.08,62.14,67.75,B-,2.7
91.8,10,2.41,72.62,97.8,81.57,95.38,66.92,63.81,77.14,B,3.0
89.6,1,2.52,62.95,100.0,90.13,77.76,80.76,80.5,83.58,A-,3.7
72.1,12,2.75,75.29,73.9,100.0,100.0,81.79,74.11,78.5,B+,3.3
75.3,4,2.18,49.44,51.94,71.29,51.46,69.97,51.55,54.22,C-,1.7
91.0,6,2.42,89.36,91.59,72.32,100.0,93.11,68.47,80.58,B+,3.3
89.3,9,3.42,97.83,50.76,88.58,61.54,86.58,63.35,68.97,B-,2.7
81.7,15,2.22,50.34,67.19,95.53,81.85,67.81,63.4,66.74,C+,2.3
83.4,20,2.04,97.18,64.36,98.08,57.57,72.97,75.75,77.3,B+,3.3
97.3,10,2.62,67.05,53.66,68.12,77.47,88.76,54.0,60.2,C,2.0
74.9,7,3.44,91.0,66.67,100.0,83.1,92.73,57.62,72.16,B-,2.7
88.6,10,2.88,78.35,58.55,77.69,74.6,87.1,93.01,79.45,B+,3.3
79.6,11,2.72,78.97,71.74,81.36,89.39,100.0,59.56,71.21,B-,2.7
79.4,6,3.03,73.48,69.69,71.43,76.04,99.15,68.69,71.83,B-,2.7
95.2,15,1.95,98.0,62.88,100.0,68.42,85.99,55.98,70.53,B-,2.7
91.9,8,3.3,61.4,67.06,88.89,67.79,68.25,46.01,60.07,C,2.0
91.8,9,3.23,89.52,69.71,76.19,93.0,62.06,72.49,75.22,B,3.0
97.7,10,2.75,96.29,85.73,96.14,66.0,74.35,81.48,85.1,A-,3.7
82.3,9,3.6,91.68,71.56,96.16,95.41,91.47,89.7,86.48,A-,3.7
90.2,11,2.32,100.0,84.2,81.75,98.01,100.0,84.8,88.04,A,4.0
78.3,5,3.68,70.12,80.42,94.14,46.01,83.89,70.05,74.55,B,3.0
85.9,5,3.09,90.81,78.59,72.55,94.84,92.81,63.68,75.38,B,3.0
80.4,3,2.8,71.75,88.55,73.42,100.0,69.91,86.26,83.24,A-,3.7
83.2,9,2.99,97.08,53.67,60.46,81.12,87.3,74.01,72.05,B-,2.7
89.1,11,2.94,80.25,65.8,70.48,89.15,91.9,57.6,67.63,C+,2.3
72.2,9,3.73,74.62,100.0,100.0,97.11,52.73,85.14,87.74,A,4.0
100.0,14,2.35,100.0,70.08,100.0,74.24,75.41,78.33,81.34,B+,3.3
69.9,7,2.54,66.68,22.01,80.84,75.33,87.35,43.17,48.99,D,1.0
67.4,10,3.62,59.03,69.97,100.0,54.56,84.06,78.04,74.5,B,3.0
95.9,3,2.64,66.5,69.41,78.33,74.75,57.5,69.35,69.51,B-,2.7
91.5,6,3.54,88.8,30.64,82.59,86.48,45.49,51.88,56.59,C-,1.7
89.5,10,4.0,100.0,98.29,90.63,91.24,78.83,86.57,91.77,A,4.0
89.5,11,2.76,81.36,61.27,84.19,96.87,78.69,84.05,78.34,B+,3.3
81.9,6,3.41,97.8,76.29,81.45,62.08,65.66,82.07,81.1,B+,3.3
71.2,7,2.31,52.89,62.64,92.98,61.67,75.26,60.88,64.09,C+,2.3
82.9,1,3.45,68.14,47.18,82.59,100.0,81.88,39.53,55.18,C-,1.7
73.9,6,3.12,71.74,51.94,90.62,71.36,85.46,64.18,66.32,C+,2.3
93.7,11,3.28,80.47,60.23,100.0,83.79,49.21,76.24,74.27,B,3.0
80.2,10,2.61,78.72,87.83,88.12,74.25,59.06,48.9,68.8,B-,2.7
72.1,10,2.0,84.57,64.85,68.57,57.42,69.95,66.87,68.87,B-,2.7
78.1,8,3.3,71.94,63.26,68.38,100.0,86.62,62.35,67.71,C+,2.3
87.0,8,1.76,75.43,51.39,81.13,61.84,80.19,55.27,61.48,C,2.0
75.2,5,2.81,73.58,86.4,78.2,51.97,80.87,61.76,71.8,B-,2.7
72.1,10,3.56,66.56,96.88,87.5,70.34,75.08,79.67,82.09,A-,3.7
84.9,9,3.12,77.56,91.23,85.08,41.24,74.68,90.9,85.1,A-,3.7
84.9,9,4.0,80.64,83.67,100.0,69.07,72.59,74.93,80.07,B+,3.3
75.9,5,3.62,75.09,75.21,67.61,58.14,88.32,77.89,75.3,B,3.0
76.3,1,2.61,71.25,44.31,52.89,79.88,57.88,39.8,49.86,D,1.0
84.8,12,3.02,82.1,70.03,90.95,66.84,92.86,81.54,79.52,B+,3.3
64.6,6,2.97,68.06,56.6,76.02,88.52,77.45,60.69,64.53,C+,2.3
65.1,4,2.05,88.6,33.3,79.3,92.68,68.88,54.26,59.33,C,2.0
73.4,10,2.44,58.56,86.01,89.11,88.16,66.91,73.52,76.36,B,3.0
79.4,6,2.66,63.97,56.65,96.19,68.9,55.8,65.67,65.88,C+,2.3
85.7,12,1.78,100.0,88.23,64.0,76.63,67.02,51.65,71.3,B-,2.7
99.7,10,3.03,65.52,88.2,80.41,51.64,76.47,60.43,70.5,B-,2.7
92.3,10,2.85,59.32,81.54,90.78,75.22,46.46,75.47,74.63,B,3.0
80.1,2,2.0,80.43,72.22,84.66,51.92,66.65,41.41,61.08,C,2.0
81.8,12,3.24,50.38,64.69,100.0,92.04,94.48,64.56,68.88,B-,2.7
70.0,9,3.43,75.49,100.0,96.49,100.0,86.96,85.1,89.36,A,4.0
81.8,6,3.14,100.0,70.63,82.26,83.94,69.99,63.24,73.88,B,3.0
78.5,8,2.81,53.52,74.52,72.0,38.85,77.35,56.96,62.45,C,2.0
85.9,1,3.35,44.96,57.3,73.92,66.19,66.9,55.55,57.34,C-,1.7
72.1,9,3.41,56.66,57.25,78.04,79.35,81.23,72.6,67.69,C+,2.3
88.2,3,3.18,89.12,76.28,89.5,75.21,97.2,62.06,74.83,B,3.0
100.0,2,2.51,90.31,69.92,82.52,58.29,87.0,59.06,70.17,B-,2.7
80.7,1,3.17,65.76,53.82,63.57,75.87,80.74,46.94,56.28,C-,1.7
86.8,12,3.72,94.21,53.95,84.73,59.59,77.06,45.1,60.96,C,2.0
90.3,5,2.64,95.94,47.77,91.62,56.08,85.59,61.51,67.19,C+,2.3
77.2,14,4.0,100.0,97.66,95.74,95.14,61.9,100.0,96.84,A,4.0
84.7,5,2.68,70.99,57.88,87.51,54.41,71.16,69.45,67.93,B-,2.7
82.2,1,3.02,38.48,60.58,83.6,80.69,81.17,46.05,55.79,C-,1.7
83.2,3,2.6,60.51,89.03,98.34,46.17,83.19,57.22,70.52,B-,2.7
72.7,12,3.13,73.79,55.24,89.02,100.0,89.57,68.58,70.69,B-,2.7
82.3,7,1.95,69.05,54.3,74.3,56.99,77.06,64.63,63.91,C+,2.3
88.0,5,2.67,72.16,55.68,69.99,68.95,72.24,59.13,62.45,C,2.0
99.4,8,2.34,93.68,95.79,85.9,80.85,84.43,83.96,88.44,A,4.0
93.5,10,3.08,99.79,100.0,57.38,68.49,67.33,94.12,90.14,A,4.0
100.0,12,3.6,82.22,89.83,88.59,85.38,72.97,75.65,81.83,B+,3.3
72.8,13,3.39,98.42,87.47,85.47,90.3,82.8,82.98,87.02,A,4.0
92.5,6,1.58,77.13,55.48,61.4,87.06,74.19,72.76,68.75,B-,2.7
84.2,2,4.0,78.79,100.0,72.68,90.07,52.26,75.73,81.5,B+,3.3
100.0,6,3.18,92.52,76.2,94.64,73.83,85.29,61.56,74.97,B,3.0
72.3,9,2.53,76.73,82.3,84.42,71.01,86.47,67.13,75.25,B,3.0
71.9,4,3.09,100.0,65.66,81.57,100.0,73.27,59.43,72.01,B-,2.7
74.8,4,3.11,53.14,63.43,84.4,89.82,100.0,65.62,68.01,B-,2.7
56.5,9,2.6,66.62,93.96,81.46,55.76,64.79,66.04,74.07,B,3.0
75.7,7,3.12,75.05,78.59,97.86,76.75,71.89,75.67,78.39,B+,3.3
72.9,8,2.64,82.04,91.67,82.93,67.42,69.92,69.37,78.13,B+,3.3
83.8,4,2.76,93.24,71.31,62.72,69.78,73.15,44.59,63.07,C+,2.3
86.1,7,2.59,75.5,55.3,100.0,51.74,71.27,64.39,67.05,C+,2.3
100.0,4,2.14,52.03,57.03,83.8,63.95,53.66,54.71,58.21,C-,1.7
93.4,11,3.09,94.04,76.05,80.33,100.0,73.75,82.4,82.8,A-,3.7
75.1,12,3.35,92.63,64.29,72.27,89.73,79.94,65.97,72.06,B-,2.7
71.2,1,3.31,43.93,48.34,83.81,26.22,90.26,41.36,49.42,D,1.0
87.9,4,3.49,77.49,89.77,82.14,97.45,100.0,81.36,84.7,A-,3.7
66.2,2,3.19,48.93,57.06,97.67,90.39,91.48,73.69,69.94,B-,2.7
100.0,5,2.68,66.25,71.43,78.07,67.75,65.36,63.53,67.67,C+,2.3
96.2,7,3.5,66.98,78.26,76.47,91.43,70.78,75.35,75.51,B,3.0
76.4,2,2.19,81.94,53.39,86.55,52.33,67.57,52.06,61.11,C,2.0
61.4,4,2.46,72.53,86.99,87.88,60.32,95.76,55.98,71.61,B-,2.7
98.2,3,2.42,54.32,48.73,81.62,98.57,71.28,62.27,61.89,C,2.0
80.6,8,3.65,93.46,77.45,94.38,73.37,61.67,85.4,83.73,A-,3.7
96.9,8,3.57,60.06,78.51,87.12,45.91,74.55,77.18,74.24,B,3.0
62.9,5,3.29,79.9,67.08,83.76,71.81,85.55,65.22,71.09,B-,2.7
74.8,8,3.64,67.43,51.89,99.62,76.23,89.3,70.18,69.4,B-,2.7
82.1,5,2.47,68.1,80.52,87.09,93.16,70.79,78.19,78.53,B+,3.3
82.6,6,3.21,84.86,82.2,81.27,75.56,86.87,90.58,85.76,A-,3.7
76.6,14,2.92,88.96,63.33,100.0,71.55,49.32,82.41,78.18,B+,3.3
89.5,13,3.51,100.0,88.41,61.71,100.0,85.54,84.98,86.54,A-,3.7
69.2,2,2.93,70.81,71.04,100.0,72.21,84.09,52.59,67.23,C+,2.3
80.3,11,2.77,83.41,51.32,64.34,63.31,67.15,62.73,63.39,C+,2.3
83.4,11,3.32,74.75,60.66,79.79,100.0,69.61,71.05,71.26,B-,2.7
88.2,3,3.53,79.77,88.25,82.55,78.53,50.91,80.16,80.82,B+,3.3
90.5,11,2.6,85.74,77.1,83.39,77.2,100.0,89.19,85.01,A-,3.7
68.5,14,2.96,79.02,64.46,98.57,81.69,70.41,72.05,74.25,B,3.0
63.6,3,2.36,42.84,49.16,63.21,48.63,73.27,67.67,58.2,C-,1.7
97.3,4,1.5,75.5,55.28,79.66,59.03,78.98,37.46,55.0,C-,1.7
86.0,12,3.12,86.95,67.37,80.54,79.54,100.0,78.01,78.12,B+,3.3
73.0,9,3.37,68.88,58.54,88.62,73.58,76.93,57.33,64.29,C+,2.3
100.0,10,3.16,62.37,46.77,86.86,100.0,74.09,41.78,55.15,C-,1.7
83.4,9,1.83,96.1,85.2,81.08,75.87,76.38,73.52,80.84,B+,3.3
96.2,9,2.79,86.45,87.61,78.48,92.47,97.06,64.49,77.99,B+,3.3
82.8,2,1.67,64.92,40.99,68.24,66.53,65.98,43.64,50.89,D,1.0
100.0,12,3.82,68.62,80.86,95.13,100.0,72.31,79.66,80.5,B+,3.3
100.0,12,2.35,67.47,58.36,97.12,84.96,58.23,76.4,72.14,B-,2.7
79.0,7,3.75,99.34,68.61,78.62,78.04,62.7,56.8,69.67,B-,2.7
93.7,7,3.57,82.61,68.03,76.12,78.31,92.65,79.03,77.17,B,3.0
89.7,1,2.46,63.25,57.66,84.87,52.33,67.02,54.89,60.31,C,2.0
98.4,10,2.32,85.77,100.0,83.73,85.24,69.61,92.57,91.01,A,4.0
70.4,10,3.21,66.66,64.83,94.85,76.16,68.86,63.88,68.49,B-,2.7
90.2,7,2.49,98.39,55.95,71.01,64.84,77.07,49.49,62.74,C,2.0
94.7,12,3.06,100.0,62.91,66.76,100.0,78.76,60.25,70.44,B-,2.7
60.9,6,2.71,66.13,82.83,72.73,48.63,69.31,54.58,65.63,C+,2.3
67.8,10,1.93,64.07,40.07,70.3,63.9,92.39,57.58,57.51,C-,1.7
57.5,3,1.66,27.22,47.29,71.54,82.99,88.02,59.87,55.56,C-,1.7
78.8,7,3.14,55.12,93.49,75.7,81.02,54.8,67.47,72.99,B,3.0
90.6,7,2.66,56.51,73.5,91.49,73.74,81.19,72.96,72.93,B,3.0
100.0,8,2.67,80.31,74.35,80.82,80.8,67.4,54.72,68.01,B-,2.7
82.9,6,3.42,73.28,100.0,85.98,79.4,74.69,82.15,85.15,A-,3.7
100.0,7,3.7,61.52,78.64,89.59,52.4,86.03,77.75,75.87,B,3.0
65.4,11,2.84,73.38,59.27,85.94,69.31,74.62,51.37,62.17,C,2.0
61.6,6,2.8,81.14,62.05,79.27,100.0,76.79,63.22,69.74,B-,2.7
81.3,1,3.3,81.95,48.86,86.16,60.16,83.45,63.79,65.82,C+,2.3
86.6,14,2.19,50.72,92.31,75.67,71.49,83.34,46.48,64.59,C+,2.3
81.6,13,3.13,79.86,83.97,100.0,70.03,72.72,93.63,87.56,A,4.0
57.2,2,3.33,51.69,83.43,75.6,68.87,63.63,68.67,70.27,B-,2.7
80.9,10,3.41,94.26,93.14,70.99,68.23,60.57,88.13,86.21,A-,3.7
66.3,5,1.84,81.25,55.86,77.75,76.25,57.54,53.22,61.91,C,2.0
90.0,9,2.54,63.99,55.34,73.25,79.01,100.0,43.88,57.26,C-,1.7
86.4,9,2.47,65.33,68.99,90.8,88.74,65.73,72.47,72.84,B,3.0
70.7,7,3.06,69.29,55.25,100.0,55.29,59.5,60.31,64.07,C+,2.3
75.8,4,3.29,41.75,71.18,72.1,67.41,80.02,60.86,62.98,C+,2.3
69.3,5,3.9,83.07,89.14,88.02,71.97,76.48,88.72,86.46,A-,3.7
81.2,4,2.7,69.63,64.03,58.65,79.92,70.98,66.84,66.6,C+,2.3
93.5,4,2.7,89.5,70.35,86.4,58.67,94.68,86.83,82.05,A-,3.7
70.2,7,3.69,62.2,70.18,74.05,93.16,86.37,69.8,71.18,B-,2.7
88.0,5,3.18,67.73,82.86,75.52,96.38,69.6,63.94,72.3,B-,2.7
75.6,10,3.76,59.0,63.92,74.38,61.8,75.66,63.74,64.64,C+,2.3
72.5,13,3.17,65.97,38.89,95.82,70.19,73.99,64.07,62.04,C,2.0
80.7,5,2.31,55.08,73.34,90.9,61.24,85.06,73.69,72.48,B,3.0
69.6,8,2.2,88.3,82.17,79.64,100.0,69.05,59.36,73.95,B,3.0
75.4,9,2.07,63.65,74.26,69.75,64.38,49.02,63.91,66.32,C+,2.3
67.6,9,3.4,80.52,61.42,100.0,100.0,77.98,86.89,81.09,B+,3.3
100.0,8,3.71,76.73,57.28,79.44,57.64,60.92,61.17,64.17,C+,2.3
82.4,10,4.0,64.2,84.15,63.3,63.43,100.0,84.6,79.01,B+,3.3
73.6,9,3.51,77.18,74.96,91.2,65.34,66.18,77.71,77.1,B,3.0
84.6,3,3.7,86.35,68.35,70.1,60.14,75.09,75.12,73.86,B,3.0
80.7,11,2.65,60.25,100.0,96.23,71.55,81.98,73.12,80.58,B+,3.3
79.3,11,2.31,89.01,54.72,78.3,62.11,72.83,55.79,63.92,C+,2.3
89.4,4,3.51,65.03,99.18,91.02,61.03,73.72,77.25,81.29,B+,3.3
91.1,8,3.25,72.47,73.22,100.0,98.56,85.62,58.17,71.65,B-,2.7
75.6,10,3.06,86.76,42.43,70.29,98.83,100.0,59.41,64.36,C+,2.3
75.1,7,3.23,67.38,67.46,76.54,92.42,88.08,69.62,71.5,B-,2.7
78.7,12,3.19,81.59,89.38,86.12,88.46,100.0,100.0,92.62,A,4.0
54.4,17,3.77,79.7,71.58,100.0,84.09,69.77,84.48,81.34,B+,3.3
63.8,4,3.78,78.24,45.7,74.4,65.35,80.74,63.46,63.29,C+,2.3
98.4,2,3.33,40.85,66.93,75.43,57.4,78.73,68.72,64.7,C+,2.3
100.0,9,3.51,54.89,61.63,94.08,86.87,87.26,56.88,64.51,C+,2.3
79.0,10,3.31,89.38,81.01,79.21,57.01,99.41,75.68,79.67,B+,3.3
88.9,7,2.72,92.23,82.04,84.5,56.78,73.58,97.92,88.48,A,4.0
85.7,13,3.45,69.81,59.57,70.85,100.0,77.79,67.86,68.48,B-,2.7
100.0,2,2.16,68.38,53.75,100.0,100.0,79.52,68.8,70.19,B-,2.7
95.4,10,3.63,87.48,88.17,72.89,88.14,58.17,89.2,85.45,A-,3.7
80.5,5,2.28,83.07,51.93,74.81,90.59,69.35,43.38,58.27,C,2.0
70.5,14,3.17,51.11,57.22,87.14,75.1,79.65,68.54,65.84,C+,2.3
62.7,15,2.49,65.44,52.87,100.0,52.65,65.84,65.83,65.29,C+,2.3
84.4,4,3.33,71.57,75.19,66.66,85.58,91.36,70.95,73.43,B,3.0
72.9,5,2.98,85.26,72.66,100.0,82.96,59.84,62.65,73.15,B,3.0
64.9,11,2.04,100.0,56.41,89.44,73.64,72.45,55.99,67.75,B-,2.7
74.2,6,3.25,73.2,69.7,87.63,70.26,80.72,63.04,69.93,B-,2.7
69.0,7,2.65,53.3,91.83,68.58,89.72,93.35,71.64,75.62,B,3.0
100.0,8,3.53,87.75,59.14,94.57,61.98,81.57,80.13,76.63,B,3.0
92.6,1,3.0,93.77,35.73,71.28,58.03,87.07,69.16,65.05,C+,2.3
81.9,7,3.24,79.67,78.33,99.25,57.9,87.86,87.81,83.87,A-,3.7
99.8,5,2.43,61.6,66.43,69.55,74.73,76.93,68.78,67.9,B-,2.7
82.9,6,2.65,89.46,56.73,79.73,53.51,59.84,50.83,61.57,C,2.0
71.7,13,2.72,89.1,82.58,78.49,64.83,59.07,72.9,77.22,B,3.0
100.0,2,3.51,62.05,83.87,71.59,62.74,78.93,69.47,72.3,B-,2.7
88.5,11,4.0,90.27,42.22,99.45,77.86,76.95,60.04,65.8,C+,2.3
69.6,6,2.52,88.2,55.8,85.67,44.47,86.11,67.22,69.16,B-,2.7
79.7,6,3.65,96.5,100.0,99.28,78.34,89.21,93.61,95.22,A,4.0
71.5,11,1.7,72.65,75.98,58.29,94.1,71.07,73.24,73.28,B,3.0
65.4,9,2.28,68.59,77.78,92.73,74.4,57.75,79.98,77.61,B+,3.3
93.1,10,2.42,96.4,89.76,100.0,100.0,85.14,74.12,85.81,A-,3.7
100.0,11,2.19,60.31,71.73,79.04,100.0,64.21,76.91,73.86,B,3.0
65.2,6,2.05,77.5,76.67,99.66,82.92,60.3,62.09,72.75,B,3.0
88.8,5,3.25,56.83,81.87,80.22,76.72,63.67,58.78,67.55,C+,2.3
74.2,3,2.87,88.98,74.62,62.53,71.41,71.06,71.32,73.91,B,3.0
76.2,4,3.23,71.47,63.19,77.67,87.09,91.72,75.94,73.6,B,3.0
74.9,19,3.41,100.0,82.18,100.0,77.38,86.36,93.72,91.22,A,4.0
71.6,12,3.16,87.57,63.79,76.14,44.31,73.99,69.29,70.33,B-,2.7
82.6,2,3.39,56.87,68.43,74.02,82.08,53.86,63.18,65.11,C+,2.3
72.0,2,2.96,93.81,46.74,85.56,50.08,80.17,58.1,64.07,C+,2.3
85.2,9,2.29,99.25,56.33,82.02,56.66,65.05,52.92,64.43,C+,2.3
81.4,10,3.63,94.89,70.14,94.68,79.66,83.31,64.06,75.01,B,3.0
79.1,10,2.65,66.09,55.41,86.36,73.8,72.55,61.37,64.27,C+,2.3
71.1,6,2.44,68.48,57.99,84.83,45.65,84.8,59.87,63.72,C+,2.3
75.1,7,2.89,78.15,66.35,76.78,76.95,73.77,66.06,69.95,B-,2.7
91.1,9,2.45,66.65,76.65,85.99,92.6,76.39,77.34,77.14,B,3.0
88.0,8,2.75,100.0,85.59,72.27,55.09,84.2,74.15,80.25,B+,3.3
70.3,1,3.21,74.73,58.15,94.03,93.47,100.0,67.95,72.01,B-,2.7
83.2,7,3.21,37.51,92.42,76.45,47.98,90.5,68.99,70.9,B-,2.7
91.0,4,2.46,78.83,81.76,93.29,100.0,72.5,89.86,86.16,A-,3.7
62.0,8,2.71,69.42,75.71,77.84,65.24,74.68,69.06,71.74,B-,2.7
88.5,19,3.64,87.59,84.17,97.13,89.33,81.36,100.0,92.43,A,4.0
74.0,9,3.3,73.37,77.01,78.96,42.84,65.6,73.65,73.03,B,3.0
88.8,6,4.0,93.19,93.07,74.89,77.96,73.34,78.62,83.75,A-,3.7
72.8,11,3.71,98.62,94.4,66.88,83.93,71.01,75.52,83.03,A-,3.7
60.3,9,3.69,83.34,93.45,72.43,75.54,88.24,66.86,78.04,B+,3.3
62.5,9,2.17,68.14,66.89,75.34,61.09,58.23,52.74,61.54,C,2.0
82.6,10,3.46,80.48,82.98,89.64,62.06,99.76,69.67,77.74,B+,3.3
85.1,16,2.97,83.88,98.09,100.0,100.0,94.12,94.9,94.77,A,4.0
71.1,3,2.67,59.85,54.91,72.54,70.44,72.18,48.99,56.69,C-,1.7
89.7,9,3.1,88.35,67.58,75.09,100.0,79.67,73.14,75.9,B,3.0
62.1,4,3.57,82.19,68.55,63.98,63.81,67.49,77.45,73.41,B,3.0
81.2,10,3.3,100.0,87.71,92.08,70.49,84.1,81.9,86.62,A-,3.7
67.5,4,2.47,90.26,79.07,94.03,84.11,86.66,93.08,88.48,A,4.0
74.2,6,3.45,67.13,66.73,98.62,46.21,67.58,53.68,63.77,C+,2.3
82.6,6,2.62,87.24,43.8,89.46,51.1,53.47,54.33,59.94,C,2.0
71.7,11,3.13,65.13,76.33,93.05,97.14,89.24,69.61,75.32,B,3.0
77.4,11,2.82,89.16,57.03,100.0,55.63,83.26,77.79,75.69,B,3.0
94.1,3,2.87,67.24,44.15,84.97,40.25,59.31,28.25,45.9,F,0.0
75.1,8,3.46,63.6,51.73,92.7,100.0,68.68,48.15,59.44,C,2.0
92.0,5,2.38,78.42,72.44,76.37,47.13,62.19,62.47,67.96,B-,2.7
68.4,2,4.0,36.12,91.02,65.9,77.55,66.1,82.61,74.99,B,3.0
88.4,7,1.91,47.12,67.0,71.17,72.62,68.85,60.34,62.15,C,2.0
99.3,6,2.64,74.03,73.07,82.58,24.1,72.96,51.03,62.89,C,2.0
52.3,17,3.22,83.25,93.94,88.74,75.2,72.9,75.17,82.32,A-,3.7
72.4,9,3.35,73.4,47.23,100.0,85.01,68.33,79.42,72.25,B-,2.7
88.9,2,2.94,50.36,75.37,81.03,78.43,70.85,55.91,64.33,C+,2.3
79.6,5,2.97,63.07,68.15,95.49,89.6,77.69,56.38,66.96,C+,2.3
86.5,12,3.25,87.92,84.11,82.83,73.08,77.62,94.55,87.85,A,4.0
74.8,16,2.86,90.85,67.38,84.38,92.95,98.34,87.84,83.61,A-,3.7
83.0,1,3.84,76.12,56.27,66.41,61.95,83.47,70.93,67.77,B-,2.7
80.1,1,3.5,92.06,69.96,71.8,47.32,52.44,53.96,65.05,C+,2.3
96.0,15,3.52,92.14,100.0,98.5,60.82,93.51,76.19,86.86,A,4.0
85.1,9,2.42,65.28,83.26,82.58,48.17,84.97,72.14,74.38,B,3.0
86.1,4,2.95,71.0,60.09,92.53,91.38,69.12,65.69,69.23,B-,2.7
77.1,10,2.82,56.95,49.53,86.17,48.73,57.06,60.46,59.01,C,2.0
76.1,1,2.4,68.29,36.0,71.68,72.84,70.02,60.49,57.75,C-,1.7
76.8,8,3.22,94.84,92.22,100.0,71.37,78.05,65.3,80.87,B+,3.3
86.7,9,2.68,87.97,55.41,82.56,73.84,61.99,72.45,71.08,B-,2.7
76.9,11,3.39,100.0,68.74,100.0,100.0,60.63,66.29,76.73,B,3.0
85.5,3,2.36,67.55,86.23,73.28,62.2,70.86,75.31,75.79,B,3.0
100.0,8,4.0,100.0,50.78,98.12,92.61,80.34,65.02,72.16,B-,2.7
92.5,4,2.46,70.99,90.77,91.03,72.57,68.05,64.1,75.11,B,3.0
78.1,9,3.13,100.0,67.57,87.13,73.89,77.46,66.79,74.89,B,3.0
96.4,4,3.48,78.03,52.98,56.11,100.0,62.92,43.9,56.27,C-,1.7
77.1,6,2.66,85.16,63.59,80.77,46.61,68.46,63.6,67.94,B-,2.7
57.5,4,3.51,96.72,56.03,95.36,95.79,82.06,59.4,70.7,B-,2.7
69.9,10,2.26,72.13,75.08,87.36,84.85,70.13,78.35,77.41,B+,3.3
59.6,11,3.87,84.42,63.77,92.49,70.51,57.73,78.16,75.53,B,3.0
77.8,7,3.01,96.05,39.13,62.05,100.0,70.1,74.43,68.67,B-,2.7
82.2,8,2.64,74.38,65.85,73.73,41.11,61.4,66.26,66.62,C+,2.3
100.0,2,2.82,54.87,45.98,85.62,63.29,78.42,56.02,57.78,C-,1.7
85.9,6,3.49,100.0,75.02,89.67,55.0,83.21,88.11,84.88,A-,3.7
79.4,7,2.65,68.39,49.45,96.02,80.86,52.22,51.89,59.63,C,2.0
92.0,18,2.55,86.38,69.19,88.26,61.96,94.63,62.28,71.82,B-,2.7
55.5,3,2.87,88.47,67.05,82.0,76.93,55.56,66.34,71.39,B-,2.7
84.8,13,2.29,69.61,68.34,84.94,73.38,100.0,56.19,67.17,C+,2.3
91.3,11,4.0,69.71,81.84,78.99,74.2,84.15,100.0,86.73,A,4.0
64.3,9,2.66,79.18,79.25,54.3,80.37,57.92,83.88,77.59,B+,3.3
95.7,15,3.5,59.17,60.54,97.24,79.23,70.08,91.92,77.97,B+,3.3
86.1,9,3.13,75.11,71.4,87.52,57.83,84.3,70.88,73.33,B,3.0
77.0,9,2.41,79.32,15.37,74.22,100.0,70.16,52.26,52.57,D+,1.3
89.6,7,3.0,73.81,74.82,64.43,67.09,76.51,62.78,68.51,B-,2.7
100.0,12,3.47,61.13,72.47,97.84,42.36,100.0,81.56,76.81,B,3.0
84.2,12,2.89,100.0,57.64,83.19,63.22,70.59,57.14,67.28,C+,2.3
85.0,5,3.72,80.43,76.93,91.56,54.07,79.72,46.3,65.66,C+,2.3
76.5,2,3.61,96.96,87.25,100.0,88.36,95.37,71.25,84.04,A-,3.7
71.8,7,3.55,74.38,63.66,58.58,82.07,82.07,50.26,61.24,C,2.0
92.0,4,2.72,61.68,52.76,72.48,80.06,52.39,68.81,63.84,C+,2.3
71.7,7,2.35,77.51,69.11,76.96,64.81,80.55,83.52,77.27,B+,3.3
82.9,12,2.63,75.97,50.84,100.0,72.18,62.93,50.03,60.87,C,2.0
76.3,6,3.12,58.64,58.74,62.67,67.63,96.01,71.96,66.72,C+,2.3
87.7,7,3.33,100.0,91.55,100.0,75.53,67.47,91.86,91.78,A,4.0
86.0,8,1.7,63.67,66.99,80.63,86.04,100.0,48.26,62.97,C+,2.3
94.5,11,3.0,53.55,44.08,86.0,85.2,100.0,55.37,59.06,C,2.0
75.9,1,3.09,92.57,36.9,76.27,79.65,61.5,46.0,56.2,C-,1.7
78.8,5,2.83,67.14,70.29,75.46,81.69,74.98,71.87,71.77,B-,2.7
70.3,8,3.77,70.59,86.51,98.29,93.63,90.26,67.35,78.18,B+,3.3
76.7,12,3.25,54.59,48.19,74.25,84.26,92.04,59.84,60.41,C,2.0
86.5,6,3.79,100.0,80.21,90.15,84.47,86.2,71.75,81.3,B+,3.3
91.1,1,2.87,53.95,87.58,74.68,92.69,90.82,72.42,75.6,B,3.0
70.9,10,3.56,81.21,100.0,77.18,66.36,78.61,81.38,84.7,A-,3.7
92.4,5,3.98,94.35,78.96,100.0,63.26,75.53,71.02,79.24,B+,3.3
98.3,3,3.79,85.42,80.2,90.12,55.74,74.23,69.99,76.37,B,3.0
87.0,5,2.34,72.67,32.43,86.92,74.85,85.58,70.55,63.94,C+,2.3
100.0,7,2.85,52.78,100.0,97.95,42.93,83.41,72.23,77.92,B+,3.3
72.7,5,2.79,61.78,57.72,62.87,80.25,78.01,46.87,56.65,C-,1.7
67.1,1,3.29,75.39,50.63,99.6,68.6,83.7,63.95,67.12,C+,2.3
60.7,11,3.41,67.6,68.33,55.3,97.83,50.7,65.77,66.49,C+,2.3
100.0,13,2.5,84.15,98.29,77.87,67.01,85.44,69.19,80.28,B+,3.3
89.9,10,3.04,90.38,100.0,80.64,74.49,83.21,100.0,94.51,A,4.0
81.3,3,1.79,83.83,64.4,82.37,87.59,92.75,58.79,69.44,B-,2.7
85.4,7,3.87,62.53,89.89,89.54,100.0,59.52,73.41,78.15,B+,3.3
68.5,7,2.69,100.0,68.2,78.51,60.27,96.31,71.53,76.34,B,3.0
100.0,10,3.03,92.63,57.52,86.98,82.39,82.18,86.2,79.68,B+,3.3
83.6,10,2.81,78.57,95.23,72.86,81.9,85.45,63.26,76.55,B,3.0
83.3,5,3.69,94.93,61.64,66.62,83.32,100.0,70.46,73.66,B,3.0
90.7,8,1.5,100.0,90.24,87.39,65.94,80.52,97.78,92.73,A,4.0
87.8,9,2.99,57.46,92.82,93.36,100.0,84.65,79.83,82.32,A-,3.7
84.7,13,2.94,77.95,84.15,100.0,45.32,84.72,66.6,75.87,B,3.0
72.5,10,2.73,41.49,99.43,73.69,67.59,70.4,68.41,72.71,B,3.0
87.7,11,4.0,87.36,100.0,98.78,90.53,84.07,92.03,93.53,A,4.0
100.0,8,2.47,82.96,67.68,80.08,83.71,67.46,80.56,77.15,B,3.0
98.1,13,3.46,84.16,64.81,100.0,100.0,84.13,72.76,77.14,B,3.0
100.0,9,3.21,71.32,44.31,99.4,100.0,48.44,68.83,66.67,C+,2.3
75.9,4,3.76,46.69,100.0,85.96,70.29,83.44,61.33,72.82,B,3.0
70.1,13,2.6,84.11,64.48,80.44,99.91,76.81,57.1,68.45,B-,2.7
80.5,10,2.56,99.12,88.45,94.82,62.44,72.58,75.55,83.44,A-,3.7
82.7,6,3.66,70.24,60.25,92.87,93.87,82.19,80.76,75.99,B,3.0
95.1,6,3.26,85.35,96.36,76.54,100.0,58.68,80.27,84.59,A-,3.7
61.7,9,2.07,49.23,54.55,62.82,92.62,99.76,59.93,60.89,C,2.0
100.0,9,2.68,85.88,52.95,81.56,78.92,77.58,66.27,68.61,B-,2.7
80.1,8,3.23,72.63,68.19,100.0,70.56,76.49,80.69,77.57,B+,3.3
76.9,9,3.5,68.55,64.48,99.75,50.48,66.47,61.3,66.74,C+,2.3
69.9,14,2.59,67.74,81.69,71.8,82.74,79.49,81.99,78.67,B+,3.3
62.1,12,1.5,66.71,64.79,64.6,50.54,92.03,53.95,61.37,C,2.0
91.9,8,3.31,85.77,83.07,100.0,63.75,94.53,98.12,90.79,A,4.0
82.9,11,2.27,57.39,65.41,69.44,53.64,89.03,54.77,60.95,C,2.0
66.5,3,1.79,61.95,50.27,80.02,57.62,75.56,41.96,53.31,D+,1.3
66.5,9,1.5,70.33,54.61,69.56,68.45,65.93,62.07,62.7,C,2.0
78.0,15,3.49,67.77,100.0,100.0,87.19,63.96,88.5,88.12,A,4.0
100.0,7,3.08,100.0,75.82,75.97,66.41,76.41,76.29,79.21,B+,3.3
78.9,4,2.86,61.33,35.39,93.85,91.38,70.83,53.27,56.85,C-,1.7
64.0,5,3.83,67.18,61.9,85.44,71.47,91.9,53.97,63.85,C+,2.3
79.1,3,3.38,60.86,70.08,84.56,59.35,79.86,79.41,73.83,B,3.0
78.7,4,3.97,100.0,100.0,60.91,80.62,100.0,91.98,91.91,A,4.0
49.6,6,2.16,78.09,79.26,49.37,100.0,86.56,81.17,78.26,B+,3.3
81.3,2,2.98,59.4,51.7,76.8,77.48,67.06,48.17,56.01,C-,1.7
79.2,8,2.03,90.23,100.0,82.6,65.11,48.51,82.72,85.56,A-,3.7
90.4,11,2.86,83.19,72.68,72.68,50.69,99.58,73.71,74.91,B,3.0
100.0,4,2.85,80.06,89.14,69.14,70.25,95.23,84.26,83.19,A-,3.7
95.5,14,3.38,79.7,59.39,97.61,87.1,65.74,83.67,77.67,B+,3.3
78.8,10,3.03,67.76,33.63,91.75,70.02,100.0,58.3,59.57,C,2.0
68.7,12,3.37,85.82,51.22,85.1,48.77,86.1,50.86,61.27,C,2.0
100.0,5,3.42,71.0,20.17,94.54,61.87,81.43,65.44,58.49,C,2.0
82.7,11,4.0,100.0,100.0,75.88,100.0,100.0,96.4,96.15,A,4.0
82.2,3,2.81,54.52,69.99,75.29,97.37,92.39,56.38,65.25,C+,2.3
81.7,11,2.44,100.0,55.84,100.0,59.67,86.75,73.07,75.51,B,3.0
84.4,8,3.15,76.97,78.88,85.46,88.75,85.27,59.11,72.16,B-,2.7
80.3,10,2.52,81.6,73.14,84.63,53.9,85.74,81.29,78.49,B+,3.3
75.1,3,3.89,89.67,80.1,100.0,100.0,71.57,61.33,76.59,B,3.0
75.4,4,2.83,64.21,86.01,62.87,76.07,72.89,65.64,71.12,B-,2.7
81.6,10,2.66,90.76,66.16,93.36,92.89,65.17,73.91,76.96,B,3.0
75.5,4,2.72,32.62,52.15,99.2,40.36,68.57,61.31,57.82,C-,1.7
73.4,9,3.43,68.56,85.6,81.46,89.56,74.23,77.25,78.92,B+,3.3
83.3,2,2.91,59.51,79.21,89.69,71.23,64.48,71.49,73.08,B,3.0
78.9,11,2.61,59.23,72.64,72.25,91.36,79.94,68.22,70.12,B-,2.7
100.0,3,4.0,76.88,100.0,77.86,94.57,75.56,79.75,84.72,A-,3.7
50.2,10,2.49,79.77,59.97,84.6,73.16,81.01,66.7,69.81,B-,2.7
95.1,10,3.02,91.13,59.19,96.17,67.78,57.88,66.41,70.93,B-,2.7
97.0,5,3.39,82.37,78.45,98.21,90.79,77.17,57.31,73.11,B,3.0
57.1,10,2.02,62.8,54.99,97.63,69.71,74.63,53.26,61.45,C,2.0
77.9,9,3.29,84.79,80.18,84.44,61.54,74.9,77.48,79.02,B+,3.3
77.5,5,2.37,74.59,52.4,93.05,54.17,70.32,54.86,61.76,C,2.0
65.1,3,3.49,88.61,61.17,76.46,45.98,52.38,59.74,65.04,C+,2.3
72.7,1,2.42,81.3,92.9,86.48,58.46,74.64,68.23,78.01,B+,3.3
68.7,9,3.42,79.31,65.36,87.34,96.7,87.92,62.67,71.27,B-,2.7
100.0,1,3.66,63.88,57.56,88.69,78.54,84.25,54.58,62.81,C,2.0
93.2,8,3.52,71.21,92.73,92.08,69.46,95.54,76.96,82.11,A-,3.7
97.3,6,3.15,70.28,54.71,65.27,91.02,81.35,60.0,63.37,C+,2.3
90.7,10,2.86,74.78,61.42,72.02,62.53,86.21,69.01,68.82,B-,2.7
68.5,6,2.65,77.67,75.87,80.88,73.37,75.84,66.87,72.91,B,3.0
75.7,6,3.88,90.02,87.3,65.04,74.06,88.92,66.98,76.77,B,3.0
87.9,10,2.58,77.34,90.64,94.08,90.13,56.03,64.54,76.79,B,3.0
67.3,9,2.38,74.79,55.59,91.01,44.16,62.04,86.54,74.14,B,3.0
90.6,9,3.4,83.11,83.5,90.89,63.66,100.0,67.09,77.45,B+,3.3
79.1,9,2.52,68.55,61.83,68.84,44.8,41.84,54.1,58.59,C,2.0
77.5,1,2.43,56.29,53.48,92.73,63.5,68.21,57.69,60.75,C,2.0
90.5,11,2.13,50.94,89.52,100.0,97.08,93.68,80.17,81.63,B+,3.3
87.3,10,2.71,68.14,62.78,86.33,67.47,77.26,70.69,70.06,B-,2.7
77.7,3,2.95,80.77,71.12,85.8,62.48,68.0,60.86,69.34,B-,2.7
95.9,7,3.15,68.55,74.58,87.51,92.78,80.9,73.06,75.59,B,3.0
69.0,7,3.57,74.51,53.95,90.44,95.31,73.14,65.01,68.14,B-,2.7
89.4,7,3.32,86.12,87.58,83.69,75.53,79.55,74.5,80.73,B+,3.3
89.1,9,2.89,86.58,80.73,84.36,89.09,69.2,78.06,80.75,B+,3.3
78.3,13,2.88,64.26,41.67,97.32,59.06,95.97,71.29,66.06,C+,2.3
85.9,12,3.31,97.19,79.67,100.0,100.0,100.0,83.5,87.89,A,4.0
67.0,2,3.76,92.05,55.77,64.34,100.0,73.27,61.96,67.63,C+,2.3
93.1,10,3.08,63.68,91.18,85.38,88.01,61.22,87.91,83.51,A-,3.7
79.8,13,2.72,67.6,49.83,71.79,40.44,72.63,69.07,63.06,C+,2.3
75.7,9,2.4,93.34,62.77,100.0,63.42,72.89,84.51,80.31,B+,3.3
94.6,12,2.13,76.18,77.17,77.33,87.41,85.46,55.43,69.27,B-,2.7
73.5,16,3.4,50.85,78.02,72.83,74.56,70.04,82.9,74.81,B,3.0
65.1,12,3.35,59.31,85.52,93.97,100.0,69.54,84.37,81.9,B+,3.3
63.3,8,3.35,73.59,46.04,100.0,85.92,84.48,53.49,62.46,C,2.0
89.3,12,2.92,63.56,100.0,94.97,66.29,94.15,85.87,86.4,A-,3.7
66.6,8,3.84,73.42,81.02,88.08,78.2,70.92,85.8,81.85,B+,3.3
100.0,8,2.71,78.93,93.2,89.35,60.35,59.77,68.54,77.5,B+,3.3
57.0,6,3.57,98.11,83.17,99.16,70.89,100.0,84.3,87.69,A,4.0
100.0,14,2.98,79.36,76.53,79.23,71.74,94.69,85.43,81.45,B+,3.3
84.5,4,2.63,89.86,46.22,78.43,92.92,70.03,46.82,59.75,C,2.0
80.8,14,3.36,100.0,67.3,83.89,100.0,95.49,77.56,81.01,B+,3.3
75.5,9,3.25,100.0,97.28,70.84,51.09,77.11,85.29,86.93,A,4.0
86.8,2,3.21,79.19,90.09,76.98,38.3,87.06,63.44,73.74,B,3.0
81.5,9,3.05,49.2,61.74,97.94,72.24,80.88,55.11,62.31,C,2.0
95.2,1,2.98,81.05,22.05,86.94,44.81,75.42,42.53,49.39,D,1.0
83.4,10,4.0,99.07,72.94,97.07,82.17,81.75,87.45,85.98,A-,3.7
83.8,11,3.71,81.7,71.32,90.68,94.4,62.66,81.67,79.67,B+,3.3
77.6,5,3.43,100.0,65.98,89.26,100.0,100.0,64.03,76.03,B,3.0
81.3,8,3.07,90.91,79.47,74.4,79.64,64.83,80.28,80.28,B+,3.3
85.7,15,3.6,93.99,92.49,87.76,79.99,66.43,79.08,84.95,A-,3.7
61.5,5,3.31,91.19,83.73,83.19,37.28,71.91,56.87,71.14,B-,2.7
65.8,3,3.02,77.76,72.89,82.09,71.23,59.3,61.68,69.3,B-,2.7
90.9,13,2.82,44.08,45.66,91.31,80.75,80.75,70.11,63.28,C+,2.3
84.1,15,2.95,75.22,70.25,87.05,92.21,92.34,82.5,79.78,B+,3.3
79.8,8,1.5,89.54,100.0,73.05,56.83,85.51,77.59,83.89,A-,3.7
82.2,12,3.13,69.03,80.13,100.0,71.31,92.55,73.26,77.88,B+,3.3
86.2,13,2.71,77.21,79.45,97.44,51.96,76.28,72.14,76.46,B,3.0
75.5,5,3.96,63.22,77.64,89.85,35.65,79.58,70.02,71.65,B-,2.7
72.7,6,3.01,100.0,75.16,78.71,53.56,81.22,61.01,72.8,B,3.0
84.4,12,2.29,100.0,32.87,78.59,47.73,53.39,52.31,57.06,C-,1.7
70.3,14,2.97,67.45,69.88,85.14,84.77,88.7,71.03,73.18,B,3.0
86.9,10,2.37,79.38,69.56,86.68,65.84,56.77,54.45,65.88,C+,2.3
61.6,4,3.28,63.87,87.58,57.51,62.39,100.0,61.3,69.87,B-,2.7
94.3,15,3.17,93.83,78.37,71.78,64.89,78.95,83.07,81.27,B+,3.3
87.7,5,3.57,86.2,45.21,76.91,18.36,75.96,56.19,59.11,C,2.0
85.1,6,2.53,87.01,74.71,83.32,99.98,64.05,67.21,75.14,B,3.0
93.8,9,3.02,84.74,59.9,82.89,59.76,70.94,56.68,65.18,C+,2.3
100.0,14,2.18,100.0,54.05,100.0,71.1,100.0,86.89,81.83,B+,3.3
94.2,11,3.42,67.38,62.45,71.01,54.61,95.97,58.14,63.61,C+,2.3
59.9,9,3.31,51.87,79.21,74.51,93.02,55.84,71.9,71.24,B-,2.7
66.6,9,3.3,72.26,91.3,100.0,78.74,99.22,76.38,83.11,A-,3.7
74.5,8,3.0,53.53,77.78,84.62,60.18,93.76,69.16,71.3,B-,2.7
82.3,10,3.25,57.84,83.34,96.85,71.17,76.29,79.27,78.28,B+,3.3
88.2,1,3.96,62.34,77.93,100.0,100.0,81.65,56.55,70.54,B-,2.7
73.3,6,2.83,61.02,69.47,72.52,71.54,74.64,63.01,66.29,C+,2.3
84.2,8,3.08,64.02,82.49,83.15,73.07,100.0,85.18,81.26,B+,3.3
72.9,3,2.35,78.56,25.09,73.52,51.85,59.64,60.49,55.18,C-,1.7
74.7,9,2.48,68.1,70.47,58.23,39.59,77.73,61.74,64.22,C+,2.3
65.1,7,3.06,72.96,51.93,77.93,70.77,69.66,59.85,62.68,C,2.0
70.9,15,3.66,97.64,95.84,100.0,88.09,64.17,100.0,96.22,A,4.0
65.8,14,2.85,68.29,70.43,92.27,97.57,100.0,86.49,81.55,B+,3.3
70.3,6,2.86,70.7,68.17,88.1,32.2,58.13,56.67,63.64,C+,2.3
94.6,7,2.76,82.89,46.32,78.89,55.15,80.48,51.59,59.32,C,2.0
70.6,7,2.68,45.56,83.95,72.81,62.23,50.31,74.84,70.66,B-,2.7
100.0,6,3.18,43.15,81.96,100.0,76.86,73.33,59.1,68.11,B-,2.7
87.9,8,2.1,79.98,76.7,74.82,70.18,80.7,79.83,78.13,B+,3.3
84.2,4,3.77,85.68,58.29,87.83,74.11,66.75,67.76,70.36,B-,2.7
71.7,3,2.6,100.0,52.29,79.63,77.02,79.89,65.65,70.14,B-,2.7
90.4,10,3.43,84.13,78.34,100.0,63.5,77.99,74.54,79.09,B+,3.3
75.1,10,2.24,87.77,57.36,93.13,90.28,91.71,61.32,70.45,B-,2.7
83.5,4,3.4,73.82,76.71,67.21,82.55,95.81,83.51,79.29,B+,3.3
100.0,11,3.4,87.76,41.73,75.05,75.54,75.09,59.17,62.3,C,2.0
80.8,5,3.23,100.0,61.7,89.45,100.0,77.57,65.22,74.34,B,3.0
95.8,9,2.4,45.62,99.23,82.71,100.0,80.05,75.76,79.23,B+,3.3
73.6,11,3.15,85.86,79.69,80.2,94.45,88.33,79.97,81.95,B+,3.3
81.6,7,2.29,100.0,69.89,92.41,17.89,74.42,57.48,69.32,B-,2.7
100.0,9,2.85,83.93,100.0,87.95,100.0,82.36,78.73,86.99,A,4.0
74.5,5,3.62,100.0,33.05,84.06,89.74,74.02,51.44,60.43,C,2.0
100.0,7,3.48,71.38,60.78,96.18,100.0,82.43,76.16,75.1,B,3.0
90.5,7,3.01,77.51,64.57,79.49,98.26,96.16,59.04,69.06,B-,2.7
75.3,5,2.42,73.21,79.44,97.53,99.12,81.76,53.8,71.16,B-,2.7
89.6,7,3.39,46.16,86.43,75.96,93.24,89.24,52.27,66.16,C+,2.3
93.7,1,3.01,56.59,53.25,87.99,96.39,84.23,41.19,56.11,C-,1.7
89.5,6,1.61,55.14,80.56,94.8,100.0,69.44,80.59,78.6,B+,3.3
63.2,6,3.47,88.73,62.95,65.87,78.3,80.86,66.37,70.14,B-,2.7
73.3,6,2.99,88.57,87.88,77.37,45.19,60.3,78.44,79.64,B+,3.3
79.0,7,3.72,84.54,56.16,99.39,72.15,97.44,73.48,74.53,B,3.0
81.1,7,2.34,86.73,65.4,94.26,79.39,35.41,66.0,70.92,B-,2.7
89.4,9,1.5,70.78,58.4,77.18,72.59,72.02,58.68,63.64,C+,2.3
84.1,11,3.17,98.82,90.69,77.97,56.35,96.76,93.17,90.22,A,4.0
66.0,5,3.17,74.91,59.42,92.25,43.42,55.69,62.32,65.2,C+,2.3
86.6,3,1.99,71.59,63.04,90.92,55.38,76.32,72.85,71.31,B-,2.7
89.3,3,2.41,68.69,73.78,64.69,85.21,63.14,68.18,69.91,B-,2.7
88.7,6,4.0,91.34,82.79,72.62,100.0,75.91,71.2,78.94,B+,3.3
95.0,6,2.82,70.66,84.17,85.68,91.48,90.22,68.5,76.7,B,3.0
92.0,4,3.44,92.41,74.14,91.31,94.79,80.53,65.74,76.59,B,3.0
87.5,2,2.61,55.61,58.9,75.0,69.14,44.11,65.26,62.33,C,2.0
81.2,6,1.75,54.84,58.72,85.47,37.96,57.65,49.87,56.18,C-,1.7
62.1,8,2.9,85.72,68.82,72.89,65.22,89.06,60.65,69.33,B-,2.7
87.2,10,2.84,77.75,76.07,59.7,72.42,85.37,73.75,74.04,B,3.0
84.5,5,2.76,68.18,65.64,75.9,64.04,99.46,61.93,67.17,C+,2.3
85.3,6,2.93,89.8,69.76,83.21,75.43,100.0,73.24,77.3,B+,3.3
66.7,4,3.16,65.0,42.83,76.8,80.06,69.32,71.83,64.34,C+,2.3
69.0,7,2.91,72.44,79.12,67.54,88.79,100.0,80.36,78.98,B+,3.3
94.6,4,2.24,94.21,69.12,57.43,66.21,73.56,63.38,69.49,B-,2.7
81.5,10,3.29,100.0,89.34,80.14,44.04,66.83,65.93,77.27,B+,3.3
90.2,1,1.83,92.63,62.04,85.81,58.35,60.17,53.54,65.33,C+,2.3
82.3,6,1.77,67.28,36.7,92.58,70.3,39.92,55.57,56.26,C-,1.7
82.4,9,3.44,98.76,67.56,100.0,100.0,100.0,65.48,77.9,B+,3.3
93.3,8,3.3,65.9,69.93,76.34,67.91,100.0,89.55,79.21,B+,3.3
75.8,18,2.97,70.46,88.95,76.22,91.29,69.84,82.89,81.64,B+,3.3
83.2,9,2.16,40.0,35.14,87.22,78.48,72.07,48.94,50.61,D,1.0
76.5,3,2.58,97.16,65.73,85.69,70.86,73.41,58.68,70.26,B-,2.7
76.8,7,2.84,62.98,77.16,86.74,90.69,62.5,73.96,74.65,B,3.0
78.3,1,2.04,66.79,51.11,50.52,54.79,44.12,34.73,46.68,F,0.0
84.7,7,2.56,61.96,69.8,71.21,63.26,72.66,84.43,74.43,B,3.0
76.3,4,3.39,86.42,58.96,81.63,73.78,71.49,76.62,73.78,B,3.0
97.1,11,3.86,79.22,66.18,96.7,71.33,79.41,83.3,78.95,B+,3.3
71.3,5,2.75,54.06,60.1,88.84,80.77,76.75,45.63,58.14,C-,1.7
79.8,7,3.45,85.3,60.31,86.41,63.84,98.69,69.62,72.49,B,3.0
76.7,5,1.85,49.06,74.51,80.54,72.64,66.33,72.63,70.04,B-,2.7
99.4,14,3.4,72.78,66.58,92.36,81.54,87.73,80.18,77.33,B+,3.3
84.4,6,2.52,43.12,53.27,88.95,76.59,84.9,45.52,54.96,C-,1.7
94.4,15,3.18,63.3,100.0,94.41,74.38,92.42,79.98,84.27,A-,3.7
64.2,11,2.85,80.2,85.89,84.31,69.42,68.92,72.59,77.89,B+,3.3
85.2,9,3.79,52.51,45.2,84.76,81.71,83.33,52.87,57.05,C-,1.7
92.7,9,2.48,55.27,58.25,84.47,79.13,85.16,76.49,70.11,B-,2.7
83.0,9,3.38,80.08,77.0,91.94,78.04,64.32,55.11,69.62,B-,2.7
94.8,1,2.83,65.35,71.68,82.71,100.0,91.19,70.69,73.83,B,3.0
75.8,6,2.91,100.0,44.57,85.99,55.59,95.46,47.83,61.43,C,2.0
98.9,11,2.89,100.0,92.69,100.0,77.99,71.03,75.39,85.78,A-,3.7
100.0,7,2.49,63.84,83.06,86.04,46.53,79.57,49.09,64.89,C+,2.3
77.6,2,2.99,81.48,73.83,71.33,77.82,82.11,60.37,69.96,B-,2.7
76.7,7,2.96,87.65,91.12,93.01,54.34,68.77,92.81,88.51,A,4.0
99.4,14,3.14,75.34,84.54,73.91,77.29,91.04,81.92,81.01,B+,3.3
100.0,12,3.05,60.17,82.78,75.62,73.9,84.89,62.28,70.13,B-,2.7
75.7,7,3.48,78.21,96.31,88.42,81.45,57.84,90.18,87.69,A,4.0
77.0,11,3.55,79.01,92.22,93.8,69.65,88.03,95.44,90.35,A,4.0
78.6,6,2.37,67.0,53.08,64.6,60.82,58.14,55.15,57.79,C-,1.7
65.9,1,3.52,80.0,76.5,74.78,97.22,86.52,89.16,83.46,A-,3.7
71.0,4,2.29,59.8,53.43,69.79,74.18,61.66,61.05,60.52,C,2.0
70.0,14,3.35,64.92,83.27,82.36,70.1,79.94,84.48,80.09,B+,3.3
72.8,6,3.37,78.6,77.59,94.28,70.44,96.17,65.47,75.13,B,3.0
81.6,7,1.85,78.25,43.32,86.94,100.0,79.41,62.88,65.39,C+,2.3
84.8,6,3.06,59.27,67.97,82.69,70.69,61.81,65.29,66.89,C+,2.3
100.0,15,2.72,97.3,80.62,82.83,68.97,69.17,85.28,84.05,A-,3.7
70.0,14,2.54,52.4,64.98,68.76,64.63,70.57,57.49,60.74,C,2.0
93.8,16,3.81,79.15,85.86,100.0,75.94,93.35,87.48,86.79,A,4.0
79.4,7,2.61,71.41,81.17,88.39,62.58,80.3,62.77,72.1,B-,2.7
81.4,9,2.52,66.98,69.03,74.04,51.49,64.72,42.45,57.5,C-,1.7
90.1,1,3.05,65.43,70.5,88.55,51.67,57.57,70.69,70.03,B-,2.7
68.5,13,3.41,100.0,96.72,86.75,64.66,85.53,73.13,84.62,A-,3.7
86.6,3,2.92,61.68,75.01,76.99,83.09,71.89,65.33,69.58,B-,2.7
84.0,8,3.7,100.0,77.01,92.02,71.94,100.0,82.18,84.93,A-,3.7
87.9,3,3.32,82.73,53.84,73.27,70.44,76.68,62.44,65.53,C+,2.3
85.5,5,1.69,72.19,74.55,72.68,91.67,96.21,62.45,71.11,B-,2.7
100.0,4,2.68,82.66,73.8,82.98,96.83,59.13,70.43,75.12,B,3.0
74.3,5,2.66,100.0,87.11,73.58,66.49,51.55,78.21,81.32,B+,3.3
75.6,5,3.29,61.32,69.97,90.25,62.86,60.54,71.71,70.57,B-,2.7
74.5,5,1.5,52.14,32.89,97.38,51.39,85.6,62.4,57.59,C-,1.7
75.3,11,4.0,71.91,49.03,80.18,93.7,100.0,68.69,68.22,B-,2.7
74.4,3,3.32,75.3,79.59,60.84,69.14,63.87,67.06,70.75,B-,2.7
96.3,8,3.09,53.7,63.47,61.57,70.63,73.14,51.45,57.85,C-,1.7
99.0,12,3.71,85.48,85.13,89.33,68.49,68.77,85.3,84.02,A-,3.7
75.2,5,4.0,100.0,73.85,77.06,63.17,53.66,78.51,78.41,B+,3.3
72.0,5,3.52,79.05,67.11,85.27,80.54,86.84,66.23,72.02,B-,2.7
87.7,7,3.57,75.56,71.41,87.54,54.27,83.07,75.14,74.86,B,3.0
75.4,12,3.08,70.99,59.41,67.02,96.17,80.41,63.72,66.52,C+,2.3
89.6,8,2.92,91.72,70.99,62.46,66.63,58.64,74.67,73.88,B,3.0
84.4,5,2.71,62.39,58.43,84.33,70.09,97.74,69.21,68.47,B-,2.7
63.8,9,2.5,100.0,61.72,82.31,48.61,67.63,75.72,74.76,B,3.0
100.0,3,2.59,100.0,62.28,75.35,72.24,81.93,65.06,71.84,B-,2.7
100.0,10,2.19,81.61,67.13,63.87,69.85,57.4,54.42,63.54,C+,2.3
74.6,9,2.95,77.39,85.31,89.22,74.66,74.89,70.14,77.39,B+,3.3
77.3,6,1.99,87.35,62.81,93.15,96.38,75.97,71.59,75.37,B,3.0
85.4,4,3.11,92.2,85.16,85.12,76.98,80.36,99.54,91.31,A,4.0
86.0,4,2.98,63.23,92.93,71.15,59.02,77.49,67.64,73.71,B,3.0
89.9,10,3.09,72.45,87.03,86.88,65.55,87.27,81.79,81.67,B+,3.3
100.0,12,2.69,61.32,82.71,70.77,89.87,65.33,67.28,71.63,B-,2.7
79.9,5,4.0,85.63,77.72,98.19,100.0,82.25,66.87,77.95,B+,3.3
72.4,9,3.82,90.82,87.67,87.8,83.89,82.41,75.32,82.76,A-,3.7
65.4,1,2.25,47.99,62.67,53.02,78.64,71.48,30.63,47.92,F,0.0
73.2,5,3.14,68.55,84.13,77.77,84.36,76.39,84.88,81.08,B+,3.3
81.6,7,2.64,55.41,78.45,87.18,99.16,57.8,45.8,62.81,C,2.0
100.0,4,2.39,60.88,61.6,76.36,37.27,55.91,52.4,57.79,C-,1.7
75.8,4,2.2,79.45,78.51,73.87,81.19,40.18,53.5,66.4,C+,2.3
84.7,5,3.26,66.01,71.47,68.32,92.72,88.46,57.44,66.63,C+,2.3
81.8,9,2.59,72.33,68.14,89.64,50.74,88.43,81.02,76.21,B,3.0
96.3,7,3.58,56.44,66.23,79.07,62.91,92.66,66.85,67.45,C+,2.3
100.0,1,3.6,79.9,72.76,57.22,59.79,81.4,53.97,64.54,C+,2.3
75.6,1,3.82,74.88,84.48,77.08,60.42,45.68,62.44,70.34,B-,2.7
76.1,5,2.49,62.14,80.29,90.84,62.4,58.7,58.9,68.09,B-,2.7
94.5,9,3.29,78.07,79.56,82.27,83.28,83.3,74.63,78.01,B+,3.3
90.2,1,3.38,77.94,77.83,100.0,88.82,77.14,72.05,78.27,B+,3.3
100.0,6,2.72,64.86,90.43,88.23,94.54,73.96,93.4,86.94,A,4.0
89.0,5,2.54,52.42,65.16,84.63,57.48,79.72,40.19,55.55,C-,1.7
77.7,13,3.97,100.0,59.9,89.21,67.55,84.91,74.83,76.45,B,3.0
89.1,6,3.14,68.17,91.49,82.85,99.35,79.36,73.24,79.61,B+,3.3
95.3,9,3.38,79.9,65.87,84.19,90.99,72.4,79.59,76.88,B,3.0
91.8,8,2.51,91.98,58.77,79.19,76.31,90.57,69.39,72.51,B,3.0
88.1,1,2.27,100.0,34.85,82.96,77.11,64.56,56.65,61.75,C,2.0
94.8,11,2.66,61.15,81.96,74.59,77.28,61.19,74.69,73.92,B,3.0
96.0,8,2.93,85.67,45.98,72.01,86.36,68.13,50.17,59.34,C,2.0
98.6,10,2.36,67.69,59.3,70.82,70.25,73.42,73.65,68.7,B-,2.7
89.8,20,2.99,78.86,89.35,100.0,89.78,100.0,97.52,92.66,A,4.0
80.0,1,1.99,57.86,73.21,81.02,39.47,68.07,66.32,66.99,C+,2.3
83.8,14,2.33,62.62,62.07,89.15,65.12,76.89,79.2,72.61,B,3.0
96.5,6,3.4,78.83,70.3,72.76,65.26,61.97,70.76,71.34,B-,2.7
72.2,9,3.36,56.84,58.0,92.44,70.22,89.96,78.94,71.85,B-,2.7
86.4,7,2.76,90.78,60.81,81.18,57.9,67.45,68.25,70.51,B-,2.7
77.3,6,2.39,74.32,70.75,82.06,61.89,72.09,62.64,68.79,B-,2.7
82.3,5,2.38,79.59,58.22,67.53,43.99,93.97,58.51,63.55,C+,2.3
97.3,9,2.78,72.16,68.24,87.07,87.03,86.27,68.95,72.84,B,3.0
84.3,1,3.39,69.18,44.25,75.6,71.2,51.89,45.83,53.49,C-,1.7
82.6,11,3.56,86.51,93.33,79.01,49.51,57.43,97.02,88.37,A,4.0
65.7,6,2.7,56.11,74.73,88.38,56.54,72.67,67.82,69.53,B-,2.7
91.0,3,2.31,67.07,78.13,59.99,76.5,55.46,62.88,67.34,C+,2.3
89.7,6,3.16,64.92,91.46,90.59,66.04,86.89,79.31,81.03,B+,3.3
100.0,13,2.51,67.78,60.94,95.35,66.6,81.73,97.32,81.28,B+,3.3
78.3,5,2.69,42.44,61.36,69.53,70.75,76.41,44.38,53.77,C-,1.7
84.6,9,3.8,100.0,44.64,78.12,86.14,72.07,56.38,64.43,C+,2.3
85.0,5,3.5,67.7,100.0,81.32,50.15,100.0,64.49,76.59,B,3.0
100.0,11,3.09,99.51,72.67,91.44,89.96,100.0,76.28,82.25,A-,3.7
80.9,10,2.24,92.08,85.67,80.22,59.64,72.15,78.25,81.14,B+,3.3
85.3,15,3.13,64.26,56.74,94.75,81.23,88.49,64.72,67.67,C+,2.3
89.3,7,3.64,64.06,89.33,100.0,77.75,81.75,72.27,78.83,B+,3.3
84.2,10,2.77,100.0,100.0,78.41,67.01,74.86,85.78,89.25,A,4.0
76.6,8,3.81,100.0,72.54,65.92,60.07,68.85,67.56,73.19,B,3.0
84.3,13,3.78,84.18,61.48,100.0,77.51,69.46,76.87,76.09,B,3.0
94.9,5,4.0,84.85,71.77,100.0,100.0,65.09,84.58,82.76,A-,3.7
69.7,10,3.18,69.23,36.06,89.4,52.18,84.36,62.8,60.29,C,2.0
83.6,7,3.35,85.15,71.05,71.61,100.0,71.38,79.36,78.01,B+,3.3
73.6,7,3.85,68.9,85.8,84.17,72.99,43.56,84.63,79.88,B+,3.3
96.3,8,3.27,49.82,72.74,72.89,78.95,86.54,69.14,68.88,B-,2.7
63.7,9,2.7,55.65,63.92,89.18,53.91,74.93,61.19,64.16,C+,2.3
75.3,7,2.73,75.67,76.79,65.13,59.47,94.2,60.62,68.99,B-,2.7
86.5,8,3.14,61.84,81.47,81.21,67.76,84.03,67.51,72.36,B-,2.7
100.0,14,2.23,79.71,47.16,74.67,59.9,60.02,55.12,59.26,C,2.0
81.2,11,2.91,63.34,73.88,86.98,73.7,48.24,76.69,73.44,B,3.0
75.3,11,3.66,70.13,100.0,83.47,72.54,71.8,86.95,85.87,A-,3.7
100.0,6,1.69,85.76,44.6,81.08,100.0,64.21,62.71,65.42,C+,2.3
64.6,4,3.92,80.65,68.57,83.21,53.95,90.14,56.25,67.27,C+,2.3
55.6,11,3.67,79.8,100.0,74.1,79.79,79.82,99.1,92.0,A,4.0
87.3,11,2.72,92.49,89.98,92.83,81.77,95.18,78.78,86.01,A-,3.7
76.0,13,3.33,89.23,66.81,87.43,60.75,63.47,62.14,69.9,B-,2.7
69.7,5,3.0,96.17,70.77,68.61,84.83,87.98,65.09,73.66,B,3.0
90.5,7,3.74,74.01,73.88,100.0,71.74,91.0,98.23,87.0,A,4.0
84.9,1,3.59,69.11,56.58,87.27,28.69,47.29,51.37,57.59,C-,1.7
75.2,6,2.16,52.84,64.17,76.52,82.24,90.88,56.55,62.9,C,2.0
66.6,11,3.35,73.33,68.28,100.0,57.66,81.07,69.95,72.99,B,3.0
92.5,6,2.88,91.44,71.77,100.0,56.11,82.46,69.57,76.42,B,3.0
89.8,10,3.05,99.68,61.21,84.44,90.56,68.07,63.12,71.88,B-,2.7
80.8,7,2.56,89.62,47.79,85.39,66.97,93.07,62.18,66.81,C+,2.3
100.0,9,4.0,57.39,76.64,78.44,98.82,67.7,82.94,77.11,B,3.0
69.2,3,3.62,91.75,95.94,79.73,95.28,87.15,83.68,88.31,A,4.0
63.7,8,2.56,46.63,68.53,77.82,60.6,85.7,50.79,59.54,C,2.0
73.7,1,2.2,82.34,56.56,77.09,81.15,55.23,52.31,61.94,C,2.0
81.5,7,2.77,70.61,81.2,86.12,60.53,100.0,66.37,74.08,B,3.0
84.9,1,3.26,84.77,64.7,86.95,100.0,77.47,65.59,72.69,B,3.0
79.1,12,3.14,60.88,100.0,89.72,66.4,90.02,96.08,89.36,A,4.0
86.2,11,3.75,100.0,76.26,74.79,99.79,61.94,77.2,80.51,B+,3.3
67.0,9,3.47,56.91,83.09,73.62,92.07,100.0,73.28,75.58,B,3.0
99.3,14,3.58,76.02,66.98,85.49,89.74,68.91,91.9,81.39,B+,3.3
81.0,4,3.2,60.73,76.75,78.31,61.63,90.05,74.99,73.71,B,3.0
95.4,14,2.17,53.71,77.42,98.63,75.29,66.09,77.62,75.39,B,3.0
86.1,11,2.88,81.25,71.93,71.87,39.07,71.16,88.69,78.34,B+,3.3
87.5,7,3.64,100.0,65.18,81.92,82.25,91.25,77.19,79.04,B+,3.3
88.8,12,2.97,100.0,63.95,98.6,85.45,95.55,56.05,72.32,B-,2.7
87.4,3,3.3,77.5,73.56,78.44,76.44,58.24,74.45,74.37,B,3.0
89.7,4,2.81,91.76,78.07,86.53,19.49,90.28,53.24,68.72,B-,2.7
97.9,5,2.38,78.29,65.78,79.14,50.03,89.44,67.16,69.94,B-,2.7
84.4,5,2.93,83.14,73.26,84.74,60.19,62.53,50.32,65.52,C+,2.3
90.5,3,3.19,70.78,68.3,79.17,79.16,98.29,60.28,68.6,B-,2.7
80.9,12,2.61,81.86,73.51,92.93,82.14,58.53,69.9,74.94,B,3.0
99.3,6,2.86,85.63,67.36,65.03,72.51,68.82,57.31,66.18,C+,2.3
73.9,9,2.44,66.77,68.74,77.09,84.88,82.16,62.93,68.43,B-,2.7
100.0,5,3.67,79.02,100.0,89.74,59.71,68.23,90.47,88.41,A,4.0
81.5,1,2.82,71.25,70.12,84.53,81.11,75.82,55.7,66.8,C+,2.3
64.8,9,3.87,92.66,83.58,100.0,86.81,83.64,87.73,88.41,A,4.0
83.5,1,3.92,60.74,76.74,78.04,81.53,74.11,56.29,66.4,C+,2.3
73.8,7,2.95,75.31,64.87,99.83,70.8,87.73,65.89,71.78,B-,2.7
92.1,2,2.39,100.0,85.87,70.26,100.0,68.97,75.54,82.16,A-,3.7
74.2,15,1.75,94.38,65.26,98.86,83.8,80.16,64.01,74.16,B,3.0
76.6,11,2.12,96.08,85.72,91.65,56.41,91.89,65.71,78.71,B+,3.3
59.3,8,2.18,72.62,59.9,67.29,74.72,83.32,65.85,66.84,C+,2.3
76.6,13,3.83,88.89,61.72,93.76,95.62,95.08,87.49,82.67,A-,3.7
52.9,4,3.07,87.4,71.22,77.76,59.78,56.28,65.06,70.52,B-,2.7
63.0,10,3.23,100.0,53.55,91.73,95.83,85.57,65.66,72.89,B,3.0
91.1,8,1.67,44.12,74.96,76.71,78.27,61.09,62.97,65.19,C+,2.3
91.4,9,2.28,56.83,50.45,78.87,32.4,58.62,54.15,55.24,C-,1.7
87.1,13,3.53,100.0,71.83,100.0,87.32,82.93,83.25,84.77,A-,3.7
70.4,10,3.17,74.57,48.81,83.54,69.41,66.06,35.98,52.91,D+,1.3
81.4,9,2.91,68.0,100.0,94.0,85.75,89.15,71.68,82.02,A-,3.7
82.0,1,3.34,55.45,40.8,77.56,89.26,85.66,41.79,51.73,D+,1.3
68.1,4,3.98,69.2,70.69,100.0,79.04,50.89,69.61,72.39,B-,2.7
100.0,7,2.87,57.34,89.67,76.24,100.0,66.78,74.72,76.87,B,3.0
92.5,8,3.04,100.0,88.59,77.64,73.79,58.57,84.78,85.44,A-,3.7
79.3,3,3.12,74.17,81.13,98.8,83.76,68.03,73.67,78.35,B+,3.3
82.3,17,4.0,87.26,76.05,88.79,100.0,94.5,71.86,79.45,B+,3.3
84.5,14,1.74,86.03,91.83,100.0,73.46,73.82,96.32,91.75,A,4.0
57.5,10,3.41,92.83,86.0,95.09,90.41,70.13,94.61,90.8,A,4.0
79.0,8,2.93,91.41,73.62,81.36,64.52,95.42,60.03,72.26,B-,2.7
73.8,7,3.34,93.74,74.49,61.88,68.03,45.37,72.64,73.6,B,3.0
70.0,4,2.61,62.78,60.38,78.01,46.62,89.56,51.75,59.82,C,2.0
78.6,8,2.97,72.87,55.79,84.56,79.69,69.72,63.98,66.4,C+,2.3
100.0,9,3.43,93.56,94.81,100.0,85.87,80.93,96.16,94.54,A,4.0
89.7,3,4.0,71.16,93.07,100.0,98.3,71.69,99.95,92.42,A,4.0
75.1,9,3.48,79.65,58.58,77.51,91.97,100.0,75.69,74.22,B,3.0
88.9,7,2.49,81.73,66.29,91.36,68.62,58.52,68.69,71.8,B-,2.7
98.8,1,2.75,85.36,64.29,88.76,50.37,73.74,57.83,67.09,C+,2.3
93.1,4,2.73,48.36,67.51,93.91,80.82,82.41,63.46,67.07,C+,2.3
82.7,6,1.92,82.87,66.18,84.13,90.14,49.6,77.2,75.26,B,3.0
74.2,15,2.8,77.61,89.27,63.81,92.71,68.24,79.58,80.22,B+,3.3
90.4,10,3.44,92.41,62.84,85.93,99.32,79.73,63.78,72.63,B,3.0
86.7,2,2.24,82.68,50.49,63.16,65.22,58.62,36.01,51.94,D+,1.3
92.7,9,3.63,100.0,94.88,85.66,71.69,70.67,89.59,90.24,A,4.0
89.6,1,3.29,95.12,60.42,92.58,59.56,69.92,65.62,71.35,B-,2.7
94.6,12,2.56,100.0,52.89,89.76,77.09,89.19,62.39,70.47,B-,2.7
75.6,6,2.92,97.1,60.68,95.22,72.03,70.64,77.55,77.41,B+,3.3
97.8,7,3.96,86.89,70.24,92.62,84.24,97.62,70.42,77.12,B,3.0
84.4,13,3.44,83.78,100.0,73.72,78.97,69.33,84.36,86.1,A-,3.7
100.0,2,3.01,88.53,83.24,51.19,71.03,57.91,67.0,72.46,B-,2.7
73.7,2,2.86,83.19,83.57,80.0,56.23,99.18,66.82,75.87,B,3.0
100.0,5,3.05,73.06,83.82,81.13,92.65,68.49,74.39,77.84,B+,3.3
84.4,12,2.69,85.67,87.74,73.88,78.98,61.25,89.59,85.02,A-,3.7
74.2,1,1.74,66.55,49.07,52.67,61.94,42.69,33.79,46.26,F,0.0
76.2,1,4.0,63.51,66.14,73.5,60.87,91.37,66.58,67.66,C+,2.3
78.2,6,3.09,95.74,53.54,80.05,50.41,71.6,63.83,67.38,C+,2.3
87.1,10,3.24,81.5,70.3,94.66,100.0,77.12,75.81,78.44,B+,3.3
88.3,12,2.97,100.0,85.06,89.37,89.09,78.88,91.5,90.2,A,4.0
75.1,6,2.56,49.57,69.1,99.25,42.72,88.13,62.94,66.35,C+,2.3
81.7,6,2.89,67.58,89.91,69.5,87.67,73.42,77.63,78.67,B+,3.3
100.0,12,2.04,79.05,53.3,95.13,93.16,100.0,73.61,73.8,B,3.0
100.0,1,4.0,95.76,79.7,85.27,78.94,80.57,68.45,78.17,B+,3.3
87.2,6,2.26,79.95,46.99,88.3,100.0,88.82,62.2,66.89,C+,2.3
82.5,8,2.38,80.03,69.88,76.13,77.27,86.64,65.21,71.36,B-,2.7
83.4,9,2.74,60.69,82.45,96.46,50.1,77.09,70.36,73.86,B,3.0
89.4,5,3.77,62.17,69.09,89.06,84.09,71.3,63.59,68.71,B-,2.7
69.7,8,3.01,81.45,78.43,74.46,79.02,81.26,77.28,78.2,B+,3.3
78.9,1,2.26,49.17,47.27,75.49,56.77,76.77,47.73,52.51,D+,1.3
62.0,5,3.75,68.72,43.08,79.83,85.02,68.68,60.28,60.86,C,2.0
86.8,9,3.44,88.25,82.65,92.61,48.72,83.07,77.32,80.68,B+,3.3
89.8,4,3.32,62.33,97.96,68.9,92.89,94.37,60.05,74.11,B,3.0
76.2,8,3.43,100.0,56.0,84.59,61.13,100.0,68.81,73.04,B,3.0
100.0,9,4.0,100.0,96.86,95.04,64.57,96.26,88.67,92.23,A,4.0
67.3,6,4.0,55.36,72.62,85.33,74.88,100.0,71.56,72.36,B-,2.7
64.4,8,2.59,60.41,46.03,96.56,80.19,65.59,50.96,57.9,C-,1.7
84.7,4,3.97,44.86,54.05,94.44,80.1,88.98,47.22,57.02,C-,1.7
94.6,7,3.23,67.54,72.53,85.19,63.91,98.02,75.33,75.01,B,3.0
100.0,10,3.3,93.7,68.73,90.8,71.09,69.65,70.68,75.62,B,3.0
76.5,8,1.98,66.96,45.16,82.72,50.78,66.37,54.9,57.42,C-,1.7
94.9,5,2.9,83.5,42.49,87.43,70.55,100.0,54.98,62.41,C,2.0
81.5,8,2.51,52.95,55.24,59.88,93.14,62.14,56.01,57.91,C-,1.7
79.9,10,3.5,92.96,77.09,83.37,78.91,62.21,71.93,77.38,B+,3.3
92.6,1,3.64,68.19,69.42,64.71,89.99,97.91,54.03,65.06,C+,2.3
89.8,12,1.76,76.6,61.4,97.76,100.0,93.17,73.62,75.72,B,3.0
63.1,6,2.99,73.08,70.7,79.74,61.89,80.52,60.28,67.84,B-,2.7
99.7,9,3.67,63.88,92.59,86.63,77.59,82.31,80.84,81.72,B+,3.3
98.6,12,2.89,64.52,81.13,98.58,100.0,75.68,81.1,81.04,B+,3.3
74.5,2,3.44,89.13,65.67,85.68,98.61,78.56,61.29,71.73,B-,2.7
86.7,5,3.21,82.99,84.86,69.47,44.91,99.13,60.28,71.92,B-,2.7
87.9,6,3.2,93.54,55.43,82.94,82.76,81.13,89.45,80.16,B+,3.3
85.1,4,2.84,79.54,64.07,76.65,72.68,100.0,58.68,67.72,B-,2.7
75.4,14,2.27,80.56,68.2,63.49,91.3,65.85,75.98,73.73,B,3.0
73.9,4,2.33,45.62,44.72,69.23,56.1,71.23,66.24,57.81,C-,1.7
81.7,5,3.43,73.33,63.67,81.19,60.28,72.17,71.43,70.23,B-,2.7
96.1,8,3.01,78.84,39.05,83.87,65.08,64.06,52.81,57.56,C-,1.7
88.5,3,2.92,100.0,98.22,62.84,62.34,72.49,76.19,83.06,A-,3.7
77.6,6,2.75,85.26,52.96,94.78,87.64,80.8,54.92,65.9,C+,2.3
91.3,9,2.82,100.0,97.09,83.48,55.45,86.05,91.88,91.45,A,4.0
47.8,6,3.63,84.46,69.11,81.95,62.29,100.0,75.86,76.6,B,3.0
95.8,7,2.8,67.01,79.72,88.49,43.48,84.18,64.28,70.92,B-,2.7
61.1,5,2.2,72.17,55.59,66.95,86.54,86.51,47.24,58.96,C,2.0
77.7,1,3.45,77.81,70.6,85.75,95.15,75.2,53.17,67.68,C+,2.3
68.6,9,2.88,62.59,80.09,78.28,68.79,100.0,81.51,78.28,B+,3.3
66.5,15,3.02,75.46,84.86,76.47,73.87,100.0,81.61,81.52,B+,3.3
95.9,8,3.96,79.94,88.43,95.91,89.19,90.47,83.99,86.27,A-,3.7
76.4,8,2.99,100.0,64.31,100.0,100.0,63.3,64.13,74.9,B,3.0
86.2,10,3.17,49.09,65.61,95.0,85.65,72.62,51.81,61.91,C,2.0
81.4,2,2.29,88.79,38.19,87.78,56.14,74.65,60.76,62.49,C,2.0
87.7,14,2.87,68.0,83.42,81.8,50.91,88.44,76.81,76.93,B,3.0
82.9,8,3.37,58.79,89.69,66.2,57.3,89.15,82.13,78.04,B+,3.3
66.6,14,2.07,94.44,95.6,100.0,76.06,83.18,82.18,88.9,A,4.0
94.0,5,3.12,88.36,75.26,100.0,63.58,77.48,69.59,76.96,B,3.0
76.1,15,3.06,100.0,63.09,100.0,83.86,73.44,84.13,82.29,A-,3.7
63.3,11,3.02,90.12,43.96,80.08,66.16,83.73,69.73,67.9,B-,2.7
76.9,10,3.62,100.0,90.84,73.31,60.12,100.0,91.2,89.53,A,4.0
100.0,8,3.2,88.78,44.66,73.61,57.21,94.68,57.18,62.31,C,2.0
92.2,7,3.89,79.33,69.23,67.48,100.0,89.17,76.92,76.18,B,3.0
77.8,12,2.4,82.92,67.19,82.49,91.78,92.19,82.85,79.83,B+,3.3
77.8,8,3.08,96.35,69.59,100.0,100.0,72.51,73.57,79.9,B+,3.3
78.1,1,3.05,61.02,66.28,77.01,80.43,65.59,53.91,62.29,C,2.0
100.0,3,2.36,63.76,68.75,83.17,63.8,63.07,73.3,70.73,B-,2.7
86.6,7,3.57,75.21,34.19,100.0,100.0,78.09,51.49,59.33,C,2.0
87.2,9,4.0,51.45,76.25,84.17,80.42,77.11,77.56,74.1,B,3.0
94.4,7,2.99,80.37,35.63,100.0,80.28,95.22,57.22,62.63,C,2.0
84.9,12,3.3,53.8,86.81,100.0,79.32,75.44,59.36,71.25,B-,2.7
78.9,1,3.05,73.59,56.91,77.22,17.75,61.55,65.15,63.01,C+,2.3
79.6,8,2.57,88.82,34.33,74.91,100.0,100.0,29.39,51.15,D+,1.3
81.1,1,1.91,61.3,48.42,82.82,75.29,62.13,29.4,48.21,F,0.0
81.6,11,2.58,100.0,62.06,80.01,82.12,80.33,75.92,77.01,B,3.0
90.7,7,2.16,52.7,86.66,66.73,71.5,80.93,72.79,72.98,B,3.0
82.6,9,4.0,100.0,78.71,100.0,83.5,66.65,74.36,81.93,B+,3.3
90.8,4,2.93,85.73,74.11,96.2,62.85,92.9,71.71,77.48,B+,3.3
81.0,13,2.79,54.62,92.26,88.23,89.46,89.28,54.27,70.72,B-,2.7
82.9,12,3.53,100.0,74.27,73.66,57.28,100.0,84.83,82.73,A-,3.7
58.0,10,2.33,73.16,79.19,65.37,75.47,64.61,72.01,73.12,B,3.0
93.0,7,2.54,63.2,80.3,83.65,84.47,77.75,69.22,73.72,B,3.0
86.2,10,3.04,58.67,52.2,79.78,74.2,80.33,60.69,61.83,C,2.0
94.0,5,3.62,76.08,95.95,81.29,84.06,83.07,84.01,85.49,A-,3.7
47.2,11,3.3,75.71,47.9,95.88,57.78,57.26,62.07,63.5,C+,2.3
100.0,14,3.15,85.94,92.08,99.2,65.02,85.95,66.82,80.11,B+,3.3
80.3,12,3.05,76.16,49.36,100.0,82.89,60.66,86.93,75.71,B,3.0
95.3,5,3.24,87.49,80.61,72.1,88.2,83.01,85.0,83.04,A-,3.7
69.5,9,3.12,71.92,100.0,79.61,41.98,47.93,64.94,74.22,B,3.0
89.4,2,2.38,42.84,61.45,86.97,79.26,45.94,49.96,56.73,C-,1.7
69.4,10,3.03,75.82,66.96,89.44,66.28,89.52,67.6,71.89,B-,2.7
74.5,9,2.36,39.68,77.96,99.58,69.72,67.53,77.39,73.22,B,3.0
100.0,1,3.05,80.21,62.63,85.95,48.79,61.07,37.95,56.96,C-,1.7
79.7,3,2.71,58.22,95.0,100.0,55.58,90.7,68.08,77.03,B,3.0
84.6,6,4.0,83.11,76.74,93.14,96.05,85.25,58.43,73.4,B,3.0
92.4,6,2.98,97.07,65.24,96.11,75.95,89.57,67.64,75.81,B,3.0
87.9,3,2.16,57.3,55.89,73.65,62.64,69.2,47.83,55.66,C-,1.7
83.8,9,2.92,94.28,56.43,84.53,74.26,100.0,68.73,72.91,B,3.0
86.4,9,3.31,73.68,63.14,97.11,86.99,71.72,62.93,69.65,B-,2.7
100.0,7,4.0,100.0,70.29,100.0,88.83,100.0,70.3,80.13,B+,3.3
81.3,4,2.65,68.05,58.73,88.28,70.18,72.67,65.49,67.06,C+,2.3
84.4,12,2.05,64.43,59.51,82.04,94.71,53.88,67.77,67.29,C+,2.3
94.6,14,3.49,95.53,100.0,100.0,100.0,91.98,98.67,98.4,A,4.0
95.3,6,2.17,67.87,50.93,54.11,79.85,78.82,52.05,57.08,C-,1.7
96.2,5,2.74,63.46,71.43,65.01,75.06,61.36,56.29,63.22,C+,2.3
89.7,9,2.85,71.5,81.15,92.85,88.5,65.76,72.87,77.16,B,3.0
68.3,6,2.96,74.2,77.95,81.04,78.53,74.52,74.98,76.37,B,3.0
100.0,7,3.41,100.0,72.6,93.81,97.63,85.44,54.58,73.52,B,3.0
68.2,10,2.59,47.17,65.33,82.95,90.37,41.59,66.02,64.71,C+,2.3
85.6,1,2.84,72.97,72.84,85.47,52.29,87.36,66.55,71.31,B-,2.7
72.9,13,2.99,89.72,77.61,76.58,58.8,73.43,76.62,77.78,B+,3.3
81.2,8,3.09,80.98,66.94,90.93,63.46,59.44,66.39,70.68,B-,2.7
85.9,6,3.06,96.68,45.04,94.96,92.6,90.2,37.64,59.46,C,2.0
85.9,7,3.26,77.41,64.04,99.18,48.16,78.2,62.47,68.85,B-,2.7
87.1,7,3.51,76.88,54.31,100.0,84.76,96.68,84.25,77.88,B+,3.3
100.0,1,3.24,84.54,57.99,84.59,80.19,81.79,61.41,68.3,B-,2.7
87.4,13,3.27,84.41,76.45,92.21,100.0,82.9,76.46,80.72,B+,3.3
79.1,8,2.05,67.85,72.45,61.43,74.96,71.57,63.92,67.33,C+,2.3
93.6,9,3.03,87.52,100.0,79.4,53.6,86.54,85.95,87.45,A,4.0
96.3,11,3.29,72.7,66.89,86.17,63.22,76.7,76.34,73.78,B,3.0
67.3,3,3.44,65.42,79.98,93.19,51.31,62.65,65.39,70.98,B-,2.7
89.2,9,2.58,69.62,75.44,76.21,65.86,86.08,73.28,73.83,B,3.0
90.4,6,2.6,95.94,89.38,91.2,70.35,73.62,94.23,90.74,A,4.0
78.4,11,2.66,29.86,80.4,84.16,55.2,78.65,76.71,70.37,B-,2.7
98.5,1,3.32,81.76,52.69,79.7,100.0,91.08,83.32,76.29,B,3.0
80.2,7,3.62,79.91,44.83,88.39,53.54,77.81,53.06,59.82,C,2.0
83.5,5,2.76,49.68,72.87,76.2,97.12,75.1,80.24,74.0,B,3.0
79.9,9,3.54,85.1,64.99,81.3,99.78,72.05,63.18,71.01,B-,2.7
82.2,9,3.07,85.94,56.11,64.34,92.97,84.83,68.62,69.69,B-,2.7
68.8,5,2.93,82.94,46.82,77.12,59.61,79.0,64.21,64.47,C+,2.3
64.7,5,2.87,33.67,69.03,73.69,77.61,86.06,54.03,59.47,C,2.0
100.0,7,3.45,100.0,97.82,80.51,55.71,72.59,83.35,87.26,A,4.0
71.8,4,3.2,63.71,61.24,85.78,89.18,68.37,70.61,69.57,B-,2.7
70.1,11,4.0,93.01,85.15,96.61,79.38,93.8,77.48,84.55,A-,3.7
56.2,6,2.49,82.9,63.14,80.57,62.41,75.31,80.05,75.18,B,3.0
74.3,1,3.31,60.22,45.74,91.31,49.34,60.68,37.14,49.96,D,1.0
66.1,6,2.68,83.44,78.29,86.44,26.93,91.82,89.01,82.27,A-,3.7
100.0,3,2.48,68.24,49.5,76.48,53.33,50.24,61.33,59.97,C,2.0
94.1,1,2.99,43.0,67.42,74.52,92.1,85.05,57.05,62.43,C,2.0
73.7,3,3.08,91.31,61.33,83.54,64.54,56.08,58.53,66.83,C+,2.3
100.0,8,4.0,71.97,90.89,96.49,78.55,100.0,76.66,82.76,A-,3.7
93.8,13,2.89,69.22,58.11,100.0,91.84,60.42,66.86,69.27,B-,2.7
78.1,9,2.32,69.34,74.64,95.68,100.0,91.52,71.47,76.79,B,3.0
52.0,5,3.16,77.42,52.9,72.84,95.19,72.2,72.63,69.55,B-,2.7
100.0,9,1.76,74.48,60.16,80.12,55.84,70.21,80.39,72.68,B,3.0
65.3,6,2.94,82.71,9.33,88.54,37.52,77.09,44.57,47.15,F,0.0
62.3,5,3.01,53.68,100.0,92.59,100.0,82.62,69.26,79.14,B+,3.3
94.3,3,3.48,66.31,79.26,94.72,100.0,64.79,64.85,73.41,B,3.0
100.0,1,3.58,75.28,57.74,82.25,78.41,65.6,57.68,64.23,C+,2.3
98.6,6,2.7,100.0,51.87,67.81,51.99,85.95,50.37,61.79,C,2.0
88.8,8,2.91,76.41,63.19,72.13,93.46,54.22,52.82,62.98,C+,2.3
89.1,7,2.54,92.25,80.44,85.24,72.03,67.79,94.1,87.1,A,4.0
92.2,6,2.32,75.28,37.43,84.81,70.67,100.0,56.6,60.3,C,2.0
91.1,4,3.19,69.42,67.4,69.49,90.77,63.12,54.66,63.77,C+,2.3
85.4,10,2.24,72.8,97.83,83.03,80.52,92.57,88.28,87.65,A,4.0
83.3,2,2.75,70.2,47.59,86.3,49.39,64.53,40.48,52.95,D+,1.3
81.2,11,2.4,86.47,71.71,69.61,69.57,84.55,59.61,69.41,B-,2.7
73.0,3,3.33,95.34,100.0,93.98,84.62,83.88,74.67,86.99,A,4.0
78.6,4,4.0,84.06,81.77,80.13,85.84,94.47,91.89,86.84,A,4.0
61.7,2,2.22,86.26,63.46,89.54,71.17,65.65,58.64,68.06,B-,2.7
80.8,5,1.89,56.67,72.25,70.74,85.94,98.98,37.78,57.99,C-,1.7
70.1,11,2.93,72.21,65.02,72.11,69.92,70.18,78.73,72.79,B,3.0
68.8,10,3.01,67.06,91.71,78.42,79.14,81.2,74.56,78.67,B+,3.3
84.2,11,3.13,85.36,67.25,85.5,17.88,84.07,50.93,63.64,C+,2.3
98.7,10,2.73,74.41,41.44,81.13,69.7,64.08,53.7,57.8,C-,1.7
93.0,3,2.88,85.87,61.66,78.33,86.67,70.92,67.92,71.17,B-,2.7
63.2,6,3.22,61.43,52.93,85.41,66.37,77.66,62.72,63.28,C+,2.3
70.1,4,3.62,76.94,64.79,80.24,65.9,70.24,82.32,75.5,B,3.0
93.3,13,1.83,88.05,66.6,82.96,57.0,100.0,61.79,70.72,B-,2.7
70.2,3,2.78,41.26,84.4,57.73,88.3,60.5,62.83,65.63,C+,2.3
79.3,11,3.13,100.0,84.27,90.85,88.02,96.66,76.11,84.83,A-,3.7
88.6,11,2.45,74.11,75.57,83.29,91.22,90.35,57.71,70.5,B-,2.7
70.4,15,4.0,55.16,78.49,100.0,52.47,85.35,86.67,79.46,B+,3.3
83.3,6,2.62,77.38,51.07,69.74,70.12,62.9,61.34,62.54,C,2.0
66.0,10,2.98,78.02,35.62,61.82,70.48,66.76,56.78,56.37,C-,1.7
74.8,17,3.33,83.47,79.51,98.12,77.65,77.45,87.23,84.86,A-,3.7
85.8,5,2.65,89.55,80.39,84.84,61.59,49.68,63.16,72.84,B,3.0
62.9,1,1.89,77.76,57.82,60.45,58.32,52.5,41.79,54.42,C-,1.7
87.3,1,2.74,76.86,56.83,60.03,85.68,51.64,55.11,60.65,C,2.0
81.8,10,3.62,88.41,82.09,100.0,45.23,100.0,91.52,87.66,A,4.0
88.6,1,2.8,71.19,64.43,95.73,100.0,81.42,78.92,77.0,B,3.0
84.7,6,2.49,100.0,94.6,50.78,81.34,85.63,84.95,86.06,A-,3.7
98.4,9,3.56,60.19,95.1,82.88,79.62,90.62,79.81,81.53,B+,3.3
83.5,8,2.8,79.24,85.5,100.0,91.47,79.49,80.33,83.94,A-,3.7
76.8,9,2.69,77.72,81.86,77.03,48.61,97.19,72.99,76.31,B,3.0
83.5,8,3.09,90.51,50.67,78.42,64.35,69.76,51.86,61.53,C,2.0
88.5,13,3.46,71.13,87.4,86.4,79.61,85.28,81.16,81.87,B+,3.3
82.6,4,4.0,52.9,78.08,71.61,100.0,89.52,55.46,66.28,C+,2.3
82.5,5,3.5,80.1,80.45,63.29,74.91,59.25,68.49,72.56,B,3.0
73.6,4,3.7,81.18,77.84,95.59,83.06,100.0,90.64,86.6,A-,3.7
74.0,11,2.7,100.0,78.14,61.78,65.29,78.3,82.84,81.03,B+,3.3
65.2,11,2.38,56.68,100.0,84.71,82.5,77.73,69.95,77.97,B+,3.3
100.0,9,3.04,97.78,72.24,97.1,100.0,98.06,76.8,83.06,A-,3.7
67.1,12,3.06,100.0,87.33,67.94,95.27,92.16,74.4,82.76,A-,3.7
73.7,3,2.35,65.2,56.33,65.78,67.4,71.4,53.33,58.72,C,2.0
73.4,14,2.89,61.34,86.35,100.0,90.86,82.52,90.55,85.68,A-,3.7
92.7,14,3.24,77.93,92.06,96.42,92.43,62.97,91.05,88.54,A,4.0
78.5,10,3.22,79.94,78.56,78.32,86.85,71.94,99.58,87.23,A,4.0
97.0,15,3.3,93.86,100.0,100.0,100.0,92.64,100.0,98.71,A,4.0
73.9,1,3.17,63.9,51.62,93.25,90.65,78.98,58.76,63.8,C+,2.3
85.3,5,2.7,98.16,60.03,84.06,70.54,91.93,72.54,75.28,B,3.0
72.0,5,2.69,56.74,69.86,68.66,83.01,71.77,59.51,64.39,C+,2.3
100.0,10,2.28,52.03,85.21,79.16,69.22,58.7,58.13,66.67,C+,2.3
67.7,3,4.0,93.47,72.74,86.31,58.25,91.66,84.55,82.15,A-,3.7
85.7,11,3.01,46.19,93.88,84.05,73.46,100.0,87.42,82.45,A-,3.7
89.6,13,2.87,78.48,63.95,98.81,78.17,94.12,70.36,74.4,B,3.0
87.0,10,2.44,100.0,52.21,65.1,45.55,75.17,64.77,66.51,C+,2.3
79.8,9,4.0,82.1,80.21,70.35,95.77,96.9,90.23,85.13,A-,3.7
80.4,4,2.36,55.47,64.05,80.45,20.47,100.0,65.37,64.55,C+,2.3
82.5,4,2.74,73.15,75.7,74.11,100.0,75.62,52.66,67.15,C+,2.3
80.2,12,3.25,80.66,73.98,79.9,100.0,63.06,77.39,77.69,B+,3.3
93.6,11,3.36,84.91,70.06,67.28,75.8,74.29,69.97,72.47,B,3.0
100.0,7,3.57,91.11,72.98,87.41,79.35,89.94,85.37,83.27,A-,3.7
75.3,6,4.0,64.14,73.19,85.1,83.18,57.26,79.24,75.15,B,3.0
65.6,1,3.3,97.77,60.58,86.3,59.86,74.83,76.45,75.76,B,3.0
80.9,3,2.37,75.35,61.42,78.5,73.14,76.99,48.22,61.3,C,2.0
100.0,15,2.85,94.8,70.44,88.31,79.31,100.0,70.73,77.92,B+,3.3
72.4,2,3.18,63.94,80.07,93.48,69.66,91.7,79.62,78.87,B+,3.3
100.0,8,4.0,100.0,79.7,73.85,84.87,95.7,73.38,80.69,B+,3.3
100.0,12,2.16,75.18,100.0,91.48,53.4,48.76,64.72,76.42,B,3.0
75.4,2,3.72,79.98,71.39,61.77,74.53,88.71,71.02,72.59,B,3.0
88.8,8,3.11,64.92,63.11,74.86,79.86,88.8,59.2,65.12,C+,2.3
100.0,11,3.5,68.75,100.0,75.15,84.02,87.28,100.0,91.39,A,4.0
77.5,8,2.94,87.43,76.73,92.49,71.23,52.89,75.57,77.98,B+,3.3
79.6,19,2.49,76.57,92.06,88.44,100.0,72.35,87.85,87.1,A,4.0
75.0,1,3.45,61.19,76.47,79.84,65.63,57.66,59.6,66.29,C+,2.3
69.8,12,3.39,71.29,83.91,73.66,83.03,52.73,91.79,82.54,A-,3.7
74.2,7,3.58,89.12,80.21,81.04,99.99,78.6,80.27,82.56,A-,3.7
67.3,11,2.99,68.95,53.76,75.23,74.96,67.22,58.12,61.66,C,2.0
82.4,9,2.64,75.34,75.98,87.7,78.96,100.0,64.82,73.94,B,3.0
72.8,5,2.06,71.25,42.82,65.13,67.29,68.66,49.29,54.42,C-,1.7
84.8,8,3.49,51.28,70.25,100.0,100.0,98.15,60.65,69.42,B-,2.7
63.3,1,3.25,49.96,53.42,57.92,65.39,50.06,59.59,56.25,C-,1.7
86.0,10,2.42,82.32,76.0,73.6,98.38,69.86,53.99,68.72,B-,2.7
92.0,9,2.68,67.16,76.57,100.0,74.36,79.58,70.45,75.09,B,3.0
58.1,10,2.72,91.54,76.39,76.47,58.22,62.98,78.39,77.89,B+,3.3
86.5,12,2.11,91.99,75.09,67.71,87.72,71.58,76.27,77.81,B+,3.3
96.7,9,2.51,88.8,61.3,86.64,70.53,74.96,59.63,68.44,B-,2.7
67.5,8,2.32,100.0,62.45,73.93,82.8,70.36,73.43,75.04,B,3.0
100.0,4,2.75,74.55,83.53,71.77,24.67,100.0,59.02,69.08,B-,2.7
87.0,5,2.56,84.17,84.53,67.29,72.53,79.74,70.7,76.38,B,3.0
73.5,12,2.02,67.06,50.48,100.0,65.56,82.54,68.23,67.38,C+,2.3
81.3,13,4.0,100.0,53.74,88.21,64.09,92.79,77.54,76.11,B,3.0
88.7,7,3.75,100.0,62.14,63.66,68.81,89.35,62.0,69.61,B-,2.7
82.9,8,2.53,76.19,85.73,99.93,63.68,74.85,86.94,84.56,A-,3.7
88.5,4,3.16,82.09,88.73,89.62,73.43,71.8,75.8,81.04,B+,3.3
71.0,12,3.25,100.0,58.7,77.3,53.89,82.84,77.6,75.28,B,3.0
84.0,10,3.71,80.03,80.16,77.04,85.93,98.44,93.06,86.19,A-,3.7
65.0,15,2.51,69.19,100.0,93.12,100.0,94.81,98.13,93.68,A,4.0
80.7,4,3.66,90.62,77.15,80.55,80.57,74.14,83.6,82.11,A-,3.7
71.2,6,2.67,75.18,89.74,56.89,86.56,84.75,74.53,77.78,B+,3.3
73.2,8,2.2,76.46,82.7,100.0,91.42,71.0,82.11,83.11,A-,3.7
96.8,10,3.43,69.89,60.84,83.19,100.0,82.87,70.49,71.35,B-,2.7
95.1,7,3.77,55.72,71.45,100.0,100.0,74.86,58.26,68.27,B-,2.7
89.3,4,4.0,83.27,73.29,100.0,68.74,77.19,75.13,78.16,B+,3.3
68.9,11,2.28,89.28,70.38,69.7,60.78,94.49,72.79,74.84,B,3.0
78.2,10,3.42,77.11,88.16,98.9,92.6,81.79,87.33,87.15,A,4.0
96.6,4,2.75,97.01,75.0,73.64,86.21,77.35,68.69,76.32,B,3.0
83.7,13,3.47,72.79,29.37,66.95,95.31,63.09,48.09,52.11,D+,1.3
100.0,12,2.12,63.06,50.87,79.78,100.0,74.55,67.38,65.84,C+,2.3
86.7,8,2.24,74.22,33.23,86.0,73.43,71.85,38.76,50.81,D,1.0
84.3,8,2.53,74.91,71.96,76.6,81.82,64.54,81.91,76.97,B,3.0
78.3,10,3.05,90.58,75.88,81.35,59.38,79.33,71.82,76.35,B,3.0
83.6,4,2.62,62.02,71.17,93.36,100.0,67.63,67.49,71.81,B-,2.7
80.2,8,3.4,99.74,56.88,86.5,71.16,80.34,74.02,75.01,B,3.0
90.5,1,3.62,100.0,80.02,72.11,68.68,77.93,77.26,80.45,B+,3.3
93.5,11,3.36,81.9,86.95,96.91,74.25,69.11,66.48,77.48,B+,3.3
72.6,1,3.97,94.59,48.76,84.21,62.23,70.26,67.65,68.48,B-,2.7
66.0,14,3.25,65.55,50.94,57.14,66.27,82.48,65.02,61.73,C,2.0
60.0,6,2.27,87.41,64.28,82.42,59.85,87.86,58.27,68.12,B-,2.7
88.1,7,3.82,96.7,100.0,91.69,54.41,84.58,77.93,86.79,A,4.0
68.8,5,2.64,85.89,93.14,79.18,56.8,63.67,71.09,78.55,B+,3.3
56.2,6,3.55,75.79,78.03,92.72,100.0,81.61,61.32,73.76,B,3.0
86.7,13,3.94,41.22,66.85,83.46,96.77,100.0,87.93,76.25,B,3.0
100.0,1,3.27,66.15,82.97,85.82,90.45,88.61,84.43,81.97,B+,3.3
81.9,13,2.1,68.3,63.45,64.89,96.88,85.36,70.74,70.01,B-,2.7
92.1,9,2.45,62.64,58.03,88.2,100.0,87.47,61.44,66.67,C+,2.3
83.0,3,3.79,79.39,36.26,100.0,43.67,97.72,53.24,59.34,C,2.0
80.8,3,2.9,67.5,68.42,67.84,49.64,88.84,68.28,68.25,B-,2.7
93.0,14,3.05,70.93,66.22,80.18,66.83,91.23,88.75,78.62,B+,3.3
78.5,4,3.46,60.61,71.03,73.97,66.03,91.45,58.72,65.61,C+,2.3
85.2,3,3.42,65.57,32.51,83.86,68.89,61.16,37.35,47.79,F,0.0
85.9,12,3.17,98.49,77.39,74.91,71.62,60.64,92.23,85.12,A-,3.7
74.0,9,2.87,67.26,31.28,88.23,79.13,79.38,35.4,48.82,D,1.0
93.9,4,2.81,67.71,85.84,91.59,74.07,76.39,61.11,72.74,B,3.0
79.9,8,3.51,72.78,80.98,92.04,64.62,72.02,71.65,75.86,B,3.0
72.9,3,3.33,79.79,63.25,59.49,33.55,86.27,44.18,57.39,C-,1.7
88.4,12,2.85,87.48,82.64,98.58,60.77,54.56,89.05,85.03,A-,3.7
71.2,12,3.65,36.45,59.47,99.37,70.23,74.63,73.13,66.77,C+,2.3
82.3,10,2.92,94.23,73.07,94.87,72.46,72.12,69.13,76.77,B,3.0
81.9,9,2.49,98.0,82.17,86.92,54.12,53.54,87.41,84.28,A-,3.7
95.0,15,2.54,66.41,25.65,90.8,71.33,100.0,69.96,62.0,C,2.0
87.7,7,2.41,60.73,61.15,93.7,52.95,56.28,58.55,62.65,C,2.0
81.7,3,2.84,66.88,66.27,100.0,69.37,65.39,58.12,66.58,C+,2.3
91.8,9,3.74,71.1,72.3,77.0,61.12,95.15,93.79,81.77,B+,3.3
98.7,16,2.52,86.51,99.46,100.0,65.87,92.19,96.18,94.22,A,4.0
88.7,3,3.11,46.21,50.43,80.38,49.85,59.9,53.22,54.35,C-,1.7
82.1,6,2.61,58.08,57.91,79.29,70.09,84.4,72.19,67.72,B-,2.7
66.3,9,2.84,99.38,38.64,63.85,58.69,80.35,60.57,62.13,C,2.0
69.2,7,2.09,58.26,89.34,74.76,86.5,100.0,66.7,74.55,B,3.0
78.3,4,2.87,92.76,63.17,68.14,79.42,79.77,64.93,70.45,B-,2.7
74.7,12,2.88,84.72,65.38,79.82,76.13,77.41,81.1,77.15,B,3.0
79.8,17,3.32,58.02,77.32,77.98,68.81,73.17,55.66,65.19,C+,2.3
82.7,8,3.13,87.92,81.57,79.0,83.24,67.97,72.22,77.93,B+,3.3
88.4,4,2.28,70.99,71.32,73.89,83.19,61.2,76.32,73.61,B,3.0
81.2,1,3.65,68.59,100.0,82.58,75.99,94.62,71.83,80.81,B+,3.3
87.8,9,3.13,83.27,79.86,66.22,100.0,79.85,90.09,84.11,A-,3.7
82.8,12,3.12,88.28,66.72,69.81,87.43,89.07,86.68,80.4,B+,3.3
58.3,9,2.99,86.7,60.11,86.43,90.53,97.29,68.65,73.53,B,3.0
70.7,7,2.69,92.4,61.45,71.16,75.13,41.71,57.69,65.26,C+,2.3
80.3,5,3.13,82.17,45.02,94.94,86.21,93.95,57.54,65.1,C+,2.3
67.5,3,3.29,53.38,67.65,82.71,57.67,74.79,87.08,74.64,B,3.0
89.2,11,1.95,69.32,81.96,89.7,66.17,82.51,91.45,83.87,A-,3.7
100.0,11,2.68,100.0,63.61,100.0,84.71,68.82,74.32,78.31,B+,3.3
96.6,1,2.85,84.63,53.84,76.04,77.92,63.19,50.68,61.09,C,2.0
79.4,14,3.15,100.0,99.6,81.45,89.48,89.18,91.46,93.56,A,4.0
99.9,10,3.72,100.0,54.05,100.0,100.0,100.0,75.86,78.85,B+,3.3
83.8,13,2.54,83.27,39.55,91.75,51.99,93.69,48.44,58.21,C,2.0
78.0,2,2.7,76.52,46.55,75.75,52.46,89.72,53.83,59.33,C,2.0
74.6,2,2.69,71.07,39.97,94.32,73.75,68.93,64.66,63.09,C+,2.3
78.4,7,2.52,48.75,74.0,78.27,59.78,66.42,44.61,57.79,C-,1.7
77.3,10,2.79,78.16,65.12,84.28,100.0,66.96,77.29,75.7,B,3.0
84.0,15,3.46,100.0,74.23,90.99,92.02,77.9,95.93,89.53,A,4.0
83.9,10,2.37,67.88,88.32,71.65,73.46,48.13,66.57,72.13,B-,2.7
82.0,7,3.26,84.32,60.08,85.07,66.86,67.99,82.27,75.83,B,3.0
87.2,3,1.98,83.51,76.14,93.5,60.1,62.9,58.78,70.57,B-,2.7
96.3,12,2.66,67.02,97.85,92.01,79.21,78.21,86.33,86.12,A-,3.7
93.4,4,2.8,68.57,61.05,81.71,75.36,77.18,57.44,64.32,C+,2.3
64.2,14,4.0,68.95,89.01,88.28,74.0,89.29,80.37,81.74,B+,3.3
51.4,6,2.84,60.37,61.83,82.67,65.78,72.49,54.4,61.45,C,2.0
93.2,14,1.68,58.53,85.63,92.84,100.0,69.7,82.48,80.95,B+,3.3
65.6,10,1.8,59.25,40.62,86.07,95.68,45.27,61.28,59.21,C,2.0
79.3,7,3.02,98.2,43.58,78.93,79.45,68.86,59.63,64.78,C+,2.3
68.0,5,3.37,62.05,62.52,85.68,49.64,62.17,47.05,57.91,C-,1.7
60.4,6,3.23,77.06,53.94,86.92,82.85,81.68,66.66,68.63,B-,2.7
88.5,9,3.1,72.01,64.28,73.46,100.0,92.28,72.19,72.71,B,3.0
91.1,8,3.7,99.19,71.0,89.53,100.0,94.65,75.05,81.33,B+,3.3
75.1,5,2.68,93.4,78.25,53.79,84.95,84.33,88.28,82.73,A-,3.7
50.9,7,3.54,89.11,62.63,87.94,99.75,74.28,54.37,68.27,B-,2.7
75.4,8,2.02,77.81,53.04,87.14,72.18,65.91,37.38,55.5,C-,1.7
86.7,1,2.46,67.74,58.59,86.18,80.52,60.75,48.87,60.04,C,2.0
64.3,9,1.92,54.53,53.1,73.67,58.16,51.31,60.92,58.66,C,2.0
84.2,4,2.84,100.0,52.64,84.29,77.84,88.47,52.34,65.84,C+,2.3
81.8,3,2.97,62.76,41.35,97.25,96.09,71.71,43.94,55.44,C-,1.7
89.0,1,3.07,83.83,67.99,96.85,61.27,56.43,73.28,74.45,B,3.0
83.4,1,3.04,89.09,57.1,78.85,55.69,61.63,62.93,66.56,C+,2.3
70.3,2,2.44,61.86,78.65,77.86,69.94,58.05,66.3,69.65,B-,2.7
96.4,5,2.89,92.27,46.54,96.03,70.62,77.3,68.25,69.77,B-,2.7
80.1,15,2.1,90.37,63.24,66.9,88.59,93.85,66.91,71.94,B-,2.7
81.7,5,3.82,100.0,100.0,81.07,68.79,74.08,79.76,87.16,A,4.0
70.8,8,2.82,68.92,53.93,97.99,100.0,44.42,70.08,68.87,B-,2.7
76.7,9,2.71,57.52,66.03,94.51,51.6,74.16,50.85,61.22,C,2.0
71.4,8,3.95,72.96,54.09,90.97,100.0,78.35,45.04,60.5,C,2.0
79.9,7,2.25,77.02,45.32,61.82,58.12,70.74,48.85,55.05,C-,1.7
100.0,3,2.32,74.25,91.14,78.78,39.05,64.6,78.01,78.19,B+,3.3
65.5,13,2.34,71.11,72.75,75.93,79.29,80.05,73.48,73.81,B,3.0
62.6,15,2.96,51.96,75.74,90.57,74.02,81.53,82.15,76.42,B,3.0
99.7,1,3.26,82.77,41.57,72.0,53.74,75.36,31.43,49.04,D,1.0
79.5,3,3.44,100.0,74.55,69.5,43.55,81.59,72.03,75.66,B,3.0
74.0,6,4.0,86.56,91.12,60.82,77.45,73.58,84.1,83.04,A-,3.7
94.5,4,1.65,79.99,82.24,91.51,86.42,64.04,55.19,71.31,B-,2.7
74.7,10,3.37,88.54,83.64,81.15,88.48,99.27,88.79,87.21,A,4.0
100.0,5,2.67,82.14,51.11,84.07,75.2,84.01,58.44,64.84,C+,2.3
90.1,16,2.65,96.78,80.82,88.78,89.43,94.39,100.0,92.79,A,4.0
76.1,12,2.63,84.46,82.21,71.72,76.04,95.7,55.12,71.03,B-,2.7
100.0,8,2.45,72.71,41.69,68.29,49.66,84.76,66.95,61.66,C,2.0
74.7,12,4.0,71.93,58.93,77.81,56.29,96.87,64.86,66.9,C+,2.3
90.9,12,3.51,79.8,90.74,80.85,77.87,61.42,64.92,75.67,B,3.0
85.6,5,3.01,80.81,83.12,86.5,71.21,78.96,67.53,76.07,B,3.0
97.6,4,3.81,75.06,48.02,76.25,93.12,77.24,61.91,64.17,C+,2.3
100.0,8,2.09,80.68,81.68,100.0,87.59,99.45,85.73,86.16,A-,3.7
82.4,11,2.2,83.33,71.26,95.07,85.63,89.73,90.25,84.69,A-,3.7
73.0,8,1.69,84.16,77.16,87.36,64.61,62.83,83.04,80.24,B+,3.3
87.5,1,2.58,91.01,54.62,76.33,44.92,76.99,46.77,59.74,C,2.0
73.9,4,3.1,75.76,77.91,98.76,80.01,76.94,82.3,81.49,B+,3.3
100.0,7,3.06,59.52,85.64,82.52,86.59,85.5,76.85,77.94,B+,3.3
83.6,7,3.09,72.44,65.0,83.24,32.63,63.36,56.42,62.81,C,2.0
77.6,15,2.15,79.52,72.14,86.9,61.84,83.9,71.27,74.45,B,3.0
84.2,2,3.48,48.2,58.36,90.16,61.3,72.55,49.39,57.28,C-,1.7
65.8,10,3.14,98.97,97.57,91.78,78.27,82.09,86.79,91.15,A,4.0
70.3,13,3.44,84.03,72.97,82.19,65.43,71.75,67.92,73.09,B,3.0
96.4,17,1.86,86.7,59.23,80.58,78.29,72.79,59.43,67.2,C+,2.3
74.1,6,3.19,96.85,57.92,90.05,70.58,92.8,72.13,75.04,B,3.0
69.4,9,2.29,64.95,69.43,88.98,69.54,59.68,71.63,71.11,B-,2.7
88.4,10,2.76,87.49,83.93,80.16,63.98,65.19,73.7,78.06,B+,3.3
96.2,8,3.32,78.85,52.13,67.45,67.0,79.78,74.74,68.84,B-,2.7
90.6,7,3.05,75.4,100.0,81.67,56.72,67.35,75.95,81.06,B+,3.3
94.0,9,2.49,66.08,75.6,91.14,82.5,65.27,66.6,71.95,B-,2.7
72.9,1,3.0,96.97,72.45,99.66,80.27,73.46,76.03,80.73,B+,3.3
64.9,10,2.08,68.18,65.25,65.43,57.94,52.74,59.78,62.53,C,2.0
100.0,8,3.69,92.85,75.67,83.24,100.0,68.25,77.0,80.38,B+,3.3
78.1,7,2.88,48.1,66.86,77.56,68.57,100.0,37.39,55.07,C-,1.7
79.0,16,3.67,100.0,95.06,100.0,100.0,92.21,93.98,95.97,A,4.0
97.9,5,2.68,91.79,68.88,81.59,62.45,65.56,48.06,64.77,C+,2.3
88.7,6,2.69,77.29,81.1,70.94,37.35,81.69,56.1,67.35,C+,2.3
87.5,15,2.54,78.01,67.47,94.11,86.65,89.35,61.15,71.24,B-,2.7
100.0,4,3.53,84.92,75.05,80.06,81.39,92.84,60.88,72.57,B,3.0
74.3,5,2.57,100.0,53.35,64.52,71.83,71.43,54.64,63.81,C+,2.3
93.1,7,3.39,53.32,92.23,75.06,66.21,93.44,69.24,74.24,B,3.0
82.7,11,2.77,90.78,58.71,100.0,76.43,50.51,75.27,74.75,B,3.0
85.2,8,1.81,59.69,61.16,83.97,62.16,58.57,60.6,62.92,C,2.0
100.0,2,2.66,73.74,62.0,81.33,66.6,76.33,40.28,57.95,C-,1.7
88.1,5,2.29,69.75,60.81,76.47,86.62,78.08,60.98,65.94,C+,2.3
88.5,5,3.02,70.01,80.99,85.94,77.75,63.67,73.04,75.63,B,3.0
94.9,7,2.29,75.39,63.48,84.91,84.53,79.18,61.07,68.28,B-,2.7
77.6,9,3.56,63.29,95.6,89.81,74.13,71.57,79.04,81.28,B+,3.3
71.9,9,2.95,92.73,57.19,84.67,69.13,73.41,68.41,71.17,B-,2.7
69.5,1,2.89,44.3,66.92,87.64,48.45,85.56,64.5,64.64,C+,2.3
58.4,12,3.39,87.9,60.39,86.08,71.14,92.53,55.86,67.41,C+,2.3
100.0,9,3.58,77.72,82.36,76.88,20.84,68.66,70.02,72.42,B-,2.7
68.8,13,2.99,62.38,72.68,78.59,67.32,65.14,85.22,76.1,B,3.0
79.3,9,2.54,79.43,66.91,58.64,72.92,70.63,78.99,73.28,B,3.0
78.7,12,1.94,52.68,88.05,100.0,84.18,75.66,83.47,81.29,B+,3.3
85.7,9,2.59,77.83,59.76,93.58,70.39,68.02,70.45,71.07,B-,2.7
91.8,13,2.63,59.46,83.18,76.84,85.06,95.37,91.77,83.13,A-,3.7
92.3,10,3.06,87.39,61.17,83.09,39.23,85.33,86.44,77.51,B+,3.3
75.0,7,2.79,61.69,70.36,73.92,72.54,81.25,63.41,67.29,C+,2.3
80.0,17,3.41,78.78,59.41,100.0,53.31,67.81,63.22,68.01,B-,2.7
85.4,11,2.63,83.17,61.16,67.72,55.01,95.1,63.34,67.38,C+,2.3
79.0,10,2.97,67.19,70.47,86.15,73.41,39.3,98.41,81.31,B+,3.3
100.0,2,3.71,77.37,100.0,82.94,99.21,89.92,64.44,80.13,B+,3.3
87.9,2,3.21,52.32,69.64,90.95,79.71,88.11,58.01,65.95,C+,2.3
90.8,9,2.96,88.68,98.69,83.97,77.55,73.17,68.74,81.4,B+,3.3
90.0,8,2.64,100.0,73.69,62.06,74.81,94.98,73.02,77.32,B+,3.3
96.1,5,2.62,100.0,62.4,78.58,60.74,74.71,52.86,66.37,C+,2.3
84.2,8,2.49,77.35,93.61,70.31,64.19,76.85,74.27,78.79,B+,3.3
66.4,14,2.68,90.98,79.15,86.11,84.85,83.91,60.06,74.51,B,3.0
86.8,10,3.45,54.77,64.2,100.0,54.54,100.0,73.92,71.56,B-,2.7
74.2,3,2.87,95.54,73.53,58.13,81.67,91.82,79.88,79.15,B+,3.3
75.7,7,2.19,84.87,61.55,69.63,64.24,83.05,58.56,65.87,C+,2.3
89.0,4,4.0,72.44,40.88,79.07,92.56,66.92,54.75,58.86,C,2.0
96.9,6,3.19,97.21,86.63,80.07,93.95,80.66,76.81,83.7,A-,3.7
82.3,6,2.16,69.25,83.59,87.95,40.95,61.69,69.46,73.0,B,3.0
85.7,6,2.73,68.82,98.1,79.61,63.22,87.2,75.99,80.72,B+,3.3
100.0,2,3.07,82.81,75.43,86.67,58.28,77.65,74.91,76.71,B,3.0
84.9,7,4.0,65.44,70.41,79.88,46.76,65.65,79.17,72.69,B,3.0
100.0,5,2.34,90.18,81.22,83.62,54.27,76.0,62.35,73.65,B,3.0
88.8,1,3.59,60.1,82.54,91.27,100.0,64.05,65.99,73.38,B,3.0
60.9,16,3.84,68.9,100.0,81.86,93.62,86.77,98.16,91.8,A,4.0
91.0,12,2.62,66.33,72.27,95.36,100.0,67.95,58.12,69.2,B-,2.7
86.6,6,2.83,87.57,66.53,82.81,89.1,76.56,48.18,65.6,C+,2.3
97.5,8,2.38,67.62,58.42,95.42,61.52,87.38,64.71,67.62,C+,2.3
90.1,3,2.88,54.41,76.23,78.21,65.76,73.89,67.87,69.17,B-,2.7
80.3,14,2.98,72.66,49.98,92.32,90.34,76.28,59.18,64.63,C+,2.3
67.3,15,3.4,82.35,88.25,88.34,88.71,85.68,79.17,83.63,A-,3.7
79.5,8,3.65,62.44,82.56,85.0,67.76,89.91,66.29,72.9,B,3.0
71.8,12,2.55,60.5,80.14,86.89,48.6,62.28,62.07,68.17,B-,2.7
75.0,8,1.82,100.0,67.59,84.82,100.0,76.03,76.81,79.9,B+,3.3
89.1,2,2.99,61.36,91.8,65.28,69.73,92.72,57.74,69.9,B-,2.7
100.0,6,3.18,74.07,85.87,100.0,71.06,86.95,73.16,79.74,B+,3.3
86.7,8,3.15,73.36,62.16,62.55,78.91,79.68,54.87,62.68,C,2.0
67.6,6,2.8,67.84,57.73,71.94,67.79,83.12,44.96,57.33,C-,1.7
87.3,7,3.07,87.23,56.84,82.78,78.12,84.24,73.84,73.23,B,3.0
96.4,7,3.91,96.4,84.0,93.13,100.0,92.73,76.84,85.14,A-,3.7
74.7,7,3.23,72.7,54.29,100.0,73.05,48.95,63.93,66.15,C+,2.3
80.4,8,2.78,58.21,87.09,60.46,53.83,55.01,52.93,63.16,C+,2.3
82.2,3,2.7,92.24,87.29,73.03,68.21,87.19,65.4,76.89,B,3.0
72.6,5,2.9,72.93,53.3,54.84,64.0,53.29,62.17,60.48,C,2.0
89.8,2,3.98,100.0,68.33,84.68,100.0,83.92,97.32,88.67,A,4.0
80.5,11,2.89,45.63,72.58,88.57,98.39,74.38,49.08,62.12,C,2.0
87.0,1,2.99,76.29,80.5,98.45,73.3,59.41,66.34,74.59,B,3.0
71.4,12,2.71,100.0,97.13,85.83,53.36,83.28,89.16,90.36,A,4.0
76.8,13,3.66,78.12,49.45,100.0,59.35,86.23,61.52,65.97,C+,2.3
90.7,6,4.0,77.89,69.18,94.28,79.54,100.0,80.75,79.68,B+,3.3
77.5,1,3.27,77.96,62.27,74.31,77.58,64.78,51.41,62.38,C,2.0
100.0,6,3.05,70.02,48.99,67.49,69.66,98.56,58.92,61.48,C,2.0
77.2,7,3.02,72.02,61.94,86.0,66.06,81.63,59.14,65.93,C+,2.3
84.7,3,1.57,63.78,68.69,56.94,56.18,59.6,66.9,64.98,C+,2.3
93.2,5,3.45,69.21,67.16,100.0,76.2,89.81,61.16,69.94,B-,2.7
65.0,14,3.08,99.05,48.91,84.68,35.73,88.54,63.78,67.28,C+,2.3
60.9,10,3.26,85.05,100.0,98.47,56.31,78.63,94.46,92.13,A,4.0
63.7,4,2.57,75.21,68.71,71.69,58.16,75.18,51.75,62.99,C+,2.3
97.2,1,2.77,85.63,68.29,82.73,93.24,65.14,64.71,71.99,B-,2.7
75.4,6,2.75,70.77,50.17,83.25,58.09,63.18,38.22,52.84,D+,1.3
100.0,7,3.61,69.73,78.51,86.8,82.59,91.97,62.67,72.56,B,3.0
75.2,9,2.77,67.86,67.27,77.71,78.98,73.76,69.99,70.4,B-,2.7
84.2,5,4.0,79.95,42.7,90.63,100.0,78.8,50.92,61.04,C,2.0
100.0,10,3.26,66.15,57.92,76.93,100.0,85.96,60.28,65.51,C+,2.3
100.0,15,2.23,73.92,87.14,72.91,78.38,85.13,83.17,81.6,B+,3.3
100.0,11,2.92,73.64,100.0,100.0,70.82,61.37,77.41,83.62,A-,3.7
96.5,7,2.61,100.0,75.86,91.72,63.04,95.0,82.42,84.01,A-,3.7
94.3,7,1.68,31.44,83.7,79.84,66.71,74.75,64.86,66.64,C+,2.3
89.1,6,3.96,78.26,71.46,100.0,71.14,78.11,76.54,77.68,B+,3.3
91.3,12,3.42,100.0,74.83,86.0,91.18,89.24,92.51,88.33,A,4.0
75.4,5,3.32,78.15,86.78,98.19,81.89,79.63,79.58,83.14,A-,3.7
72.2,8,3.1,88.52,96.82,85.33,85.87,87.96,98.37,94.06,A,4.0
82.0,8,2.17,75.98,88.3,68.18,95.15,82.01,82.93,82.32,A-,3.7
80.0,5,2.71,64.33,50.28,100.0,100.0,84.39,54.27,63.15,C+,2.3
76.6,2,3.51,41.47,67.03,92.99,75.34,94.01,74.01,70.35,B-,2.7
90.4,9,2.37,79.9,74.26,81.37,94.61,89.19,74.33,77.61,B+,3.3
93.5,7,1.5,60.62,61.1,86.98,63.92,70.0,53.98,61.35,C,2.0
83.1,10,2.86,66.74,77.96,79.91,98.08,63.03,74.67,75.42,B,3.0
99.7,5,2.91,69.63,83.24,93.06,94.22,100.0,84.9,84.23,A-,3.7
68.3,12,3.08,100.0,88.59,56.86,95.7,76.22,85.97,85.82,A-,3.7
79.7,4,3.44,100.0,96.5,70.29,76.22,69.91,97.76,92.57,A,4.0
73.4,14,3.38,85.92,70.39,100.0,68.63,58.35,87.21,81.72,B+,3.3
59.6,1,3.16,64.33,42.48,74.3,44.2,76.04,53.96,55.3,C-,1.7
81.0,9,3.72,63.62,80.01,89.77,78.56,83.36,64.41,72.38,B-,2.7
80.5,9,2.09,81.74,97.85,64.55,100.0,53.5,75.71,81.14,B+,3.3
100.0,4,3.3,100.0,63.37,100.0,70.42,84.35,70.05,76.6,B,3.0
89.6,9,3.38,77.07,84.77,100.0,92.91,73.81,85.97,85.48,A-,3.7
69.7,13,2.26,41.43,81.24,80.7,90.3,100.0,78.07,75.34,B,3.0
100.0,1,2.1,81.15,67.16,72.24,63.99,63.13,60.31,66.67,C+,2.3
96.7,10,2.55,93.65,71.98,97.23,100.0,72.78,76.28,80.92,B+,3.3
89.0,1,2.6,48.21,50.23,100.0,17.64,59.75,55.65,55.92,C-,1.7
79.3,4,3.45,79.18,33.02,93.98,52.52,94.42,44.87,54.82,C-,1.7
70.5,14,2.63,86.14,54.58,100.0,60.89,74.15,85.54,77.53,B+,3.3
77.5,5,2.49,72.11,59.97,68.14,56.46,63.06,37.1,53.44,D+,1.3
95.1,3,2.63,62.27,84.69,70.3,78.18,84.03,81.74,78.35,B+,3.3
100.0,7,3.67,96.82,72.93,73.31,84.8,62.26,72.35,76.38,B,3.0
100.0,16,3.01,79.19,69.94,96.54,90.33,93.99,88.27,83.54,A-,3.7
76.1,1,2.89,49.59,50.61,79.98,80.6,96.81,56.17,59.43,C,2.0
68.6,3,2.93,41.94,76.19,76.86,53.58,80.61,64.2,65.41,C+,2.3
83.7,13,3.78,100.0,99.32,100.0,60.66,93.52,97.18,96.41,A,4.0
60.8,15,2.55,88.03,88.79,99.57,83.91,90.96,93.14,91.36,A,4.0
85.9,7,3.79,81.97,83.35,68.34,67.31,100.0,72.27,77.24,B+,3.3
80.2,3,3.13,68.04,44.03,73.48,44.37,91.58,62.39,60.31,C,2.0
76.4,16,2.9,74.51,69.81,98.28,97.92,88.6,66.66,74.45,B,3.0
62.9,14,4.0,67.95,100.0,84.48,100.0,96.74,88.92,89.05,A,4.0
88.2,10,2.37,70.83,88.25,73.72,100.0,64.9,83.33,81.63,B+,3.3
75.6,4,2.79,41.72,41.92,91.74,74.89,84.39,60.09,57.91,C-,1.7
68.0,7,2.26,61.7,64.85,63.27,82.01,58.66,64.06,64.45,C+,2.3
47.5,7,3.57,71.27,74.74,78.31,98.59,70.79,67.13,72.53,B,3.0
81.7,9,4.0,91.62,63.28,92.41,68.92,39.31,79.42,75.98,B,3.0
100.0,13,4.0,86.5,43.15,86.21,100.0,92.72,61.55,66.64,C+,2.3
100.0,11,3.73,96.54,79.2,100.0,87.58,75.61,99.41,92.21,A,4.0
76.5,3,2.88,93.51,53.67,72.44,87.72,88.83,60.17,67.58,C+,2.3
74.8,13,2.78,95.57,60.16,100.0,81.05,85.16,58.01,70.89,B-,2.7
87.6,9,2.0,82.12,62.39,79.55,96.39,90.8,54.39,66.98,C+,2.3
70.0,10,4.0,82.18,72.86,96.06,84.02,66.83,76.56,78.31,B+,3.3
85.6,13,3.28,68.07,75.63,97.73,54.07,97.32,77.15,77.32,B+,3.3
91.2,3,2.7,85.12,52.88,72.49,98.15,100.0,79.77,75.05,B,3.0
96.7,7,3.8,100.0,71.25,63.13,62.71,92.47,61.94,71.66,B-,2.7
80.8,5,2.42,78.39,38.14,83.59,93.82,84.32,54.48,60.35,C,2.0
79.6,1,3.24,100.0,71.6,80.49,70.0,75.99,57.24,71.14,B-,2.7
71.5,9,2.9,54.17,24.35,89.72,96.22,69.7,44.21,49.16,D,1.0
72.1,18,3.38,68.02,73.7,88.61,100.0,95.99,97.13,86.14,A-,3.7
79.3,1,2.96,85.3,80.18,73.3,78.21,51.38,55.46,68.83,B-,2.7
86.4,7,2.13,78.02,50.11,100.0,81.21,68.21,65.66,67.97,B-,2.7
93.0,10,3.05,100.0,84.96,68.83,86.11,55.71,82.01,83.02,A-,3.7
72.4,8,3.63,79.13,90.85,94.17,41.11,69.51,77.99,80.73,B+,3.3
99.9,7,2.98,65.79,18.88,77.91,78.94,87.8,51.44,51.3,D+,1.3
78.7,2,3.47,71.95,65.73,77.12,53.06,82.23,50.13,61.75,C,2.0
81.7,8,2.37,52.26,22.24,77.44,76.33,75.96,60.58,52.99,D+,1.3
73.0,4,2.98,57.09,65.13,70.38,51.45,76.41,77.74,69.37,B-,2.7
52.9,1,2.63,83.1,61.4,81.36,45.18,42.11,57.32,63.24,C+,2.3
92.6,12,3.45,96.55,36.74,100.0,100.0,78.24,89.95,78.56,B+,3.3
90.8,11,3.02,86.31,100.0,92.5,98.11,71.32,82.48,88.66,A,4.0
78.6,8,3.41,53.28,76.68,86.34,77.03,69.87,73.17,72.41,B-,2.7
82.8,8,3.65,75.1,59.9,74.64,81.81,88.87,80.67,74.5,B,3.0
88.2,12,3.41,64.49,99.31,95.06,76.4,70.81,79.2,83.04,A-,3.7
63.2,8,3.16,94.21,40.83,100.0,84.82,68.09,48.19,61.26,C,2.0
75.7,11,2.4,68.11,50.2,78.3,62.7,47.65,41.78,52.83,D+,1.3
91.5,6,3.0,61.06,33.56,78.84,93.24,73.23,71.4,62.32,C,2.0
66.9,13,2.68,78.96,100.0,77.78,71.95,63.28,77.54,82.4,A-,3.7
85.5,9,2.79,68.41,76.33,78.14,68.45,79.12,67.85,71.68,B-,2.7
65.7,8,2.78,97.55,78.84,48.35,73.68,61.97,59.61,69.8,B-,2.7
87.6,2,2.41,60.78,69.62,82.66,59.16,73.26,68.86,68.95,B-,2.7
81.6,9,1.83,52.79,75.96,69.63,77.7,71.75,56.25,63.84,C+,2.3
62.6,4,2.6,39.17,65.71,58.14,59.79,94.87,50.29,55.97,C-,1.7
96.0,5,3.12,77.12,74.91,92.62,84.01,84.54,73.77,77.49,B+,3.3
73.2,4,2.19,62.45,65.6,63.9,90.77,45.13,46.63,57.6,C-,1.7
72.3,3,3.01,51.94,56.63,75.31,58.42,55.66,51.67,55.85,C-,1.7
84.4,16,4.0,100.0,79.89,100.0,83.29,88.41,100.0,93.56,A,4.0
95.8,13,3.61,95.13,82.5,74.21,91.42,72.1,85.92,84.86,A-,3.7
69.8,15,3.99,85.02,80.21,73.05,75.59,43.88,80.65,78.34,B+,3.3
82.7,3,3.23,95.75,44.65,84.52,81.65,94.18,61.94,67.54,C+,2.3
87.1,8,3.7,91.05,52.59,100.0,89.11,91.19,65.07,71.85,B-,2.7
90.3,2,2.57,60.37,83.04,59.82,90.21,80.0,84.65,78.17,B+,3.3
84.1,5,2.61,58.76,62.44,85.24,61.44,65.85,50.83,59.65,C,2.0
77.6,4,1.5,80.83,70.92,81.53,49.59,74.55,63.71,69.7,B-,2.7
72.1,12,3.71,88.4,57.98,63.74,74.91,72.59,69.62,69.35,B-,2.7
83.0,6,3.92,82.73,49.61,95.76,60.76,83.05,73.41,70.94,B-,2.7
69.1,12,2.67,65.29,57.49,94.51,86.15,65.1,76.51,71.79,B-,2.7
46.9,10,2.85,84.21,64.53,77.35,52.18,96.32,67.91,71.09,B-,2.7
87.2,17,2.55,71.49,65.18,100.0,100.0,60.84,76.87,75.81,B,3.0
92.8,2,3.23,74.07,89.3,95.24,96.93,92.85,78.7,83.93,A-,3.7
53.6,13,3.67,100.0,77.01,88.38,79.37,81.68,58.9,74.7,B,3.0
69.9,12,1.95,65.28,97.77,75.77,88.8,68.34,62.32,74.6,B,3.0
89.4,4,3.25,53.15,76.21,71.07,45.28,79.08,56.85,63.09,C+,2.3
100.0,12,2.83,65.93,36.12,87.27,100.0,91.99,53.12,58.49,C,2.0
82.2,9,3.07,93.71,88.7,91.64,66.18,97.93,69.34,81.34,B+,3.3
73.3,7,3.28,81.17,46.2,79.46,73.18,81.73,67.29,66.33,C+,2.3
79.8,4,2.89,72.41,71.03,53.97,38.93,61.87,59.96,63.04,C+,2.3
98.5,5,2.94,69.47,57.72,98.33,83.86,77.89,60.38,66.92,C+,2.3
74.2,16,2.87,89.38,100.0,90.38,60.19,100.0,77.07,86.28,A-,3.7
72.4,8,3.58,66.42,95.19,80.6,78.99,98.03,79.46,82.46,A-,3.7
76.2,11,3.25,84.9,61.45,96.61,68.52,93.04,45.16,63.9,C+,2.3
70.6,4,3.13,63.41,65.34,98.68,52.98,85.52,61.64,67.29,C+,2.3
83.5,4,2.24,58.65,69.02,44.49,55.63,81.9,56.96,60.16,C,2.0
100.0,12,2.77,71.92,88.29,92.69,83.54,97.7,82.78,84.31,A-,3.7
85.9,2,3.54,70.52,69.62,65.03,51.08,69.76,45.68,58.8,C,2.0
79.0,6,3.02,75.45,52.78,88.17,60.7,57.21,61.44,63.8,C+,2.3
78.5,8,3.4,82.58,60.57,86.59,88.99,80.02,57.81,67.76,B-,2.7
63.2,8,4.0,24.59,72.85,93.55,100.0,68.47,58.48,63.07,C+,2.3
92.6,7,3.62,68.53,93.39,80.65,87.24,65.87,84.83,83.28,A-,3.7
81.1,9,3.06,72.78,78.5,62.17,60.14,68.57,89.51,79.0,B+,3.3
79.8,10,2.69,100.0,58.37,78.34,69.13,100.0,69.37,73.63,B,3.0
100.0,10,1.5,58.8,78.37,85.88,73.57,76.91,59.36,68.27,B-,2.7
85.6,4,2.9,77.4,61.77,93.14,66.67,80.03,65.1,69.74,B-,2.7
73.0,6,2.8,97.13,81.95,66.64,88.96,57.59,82.23,81.94,B+,3.3
76.9,12,3.23,61.32,100.0,99.33,82.92,55.2,89.32,86.77,A,4.0
95.8,11,2.91,86.83,68.18,79.15,95.26,69.45,99.4,85.98,A-,3.7
83.4,2,2.81,60.95,78.81,83.33,65.32,93.11,58.29,68.41,B-,2.7
64.7,9,1.93,64.92,53.56,72.37,94.35,77.17,61.07,63.37,C+,2.3
93.0,1,2.44,59.71,62.96,79.95,66.76,80.14,71.82,68.77,B-,2.7
74.0,8,3.29,67.18,71.63,94.86,58.68,88.5,84.66,78.7,B+,3.3
100.0,15,4.0,100.0,78.4,79.78,100.0,80.22,65.1,77.63,B+,3.3
95.0,4,2.94,88.73,100.0,73.9,41.21,95.49,77.85,83.67,A-,3.7
76.6,4,3.2,91.79,63.35,83.48,59.96,66.4,79.62,76.12,B,3.0
97.4,11,3.57,91.1,86.11,100.0,70.43,100.0,100.0,93.71,A,4.0
82.8,1,2.51,46.93,33.14,66.66,100.0,77.21,49.88,50.8,D,1.0
92.2,5,3.22,83.52,77.51,100.0,100.0,52.55,69.28,77.25,B+,3.3
87.8,10,2.56,94.11,89.29,100.0,100.0,67.55,72.02,83.63,A-,3.7
71.8,5,3.52,63.96,61.32,81.59,68.81,51.77,83.05,72.33,B-,2.7
74.3,7,3.09,91.17,29.53,79.11,100.0,92.98,63.31,63.94,C+,2.3
94.4,10,3.18,91.73,73.54,78.86,85.79,80.81,66.36,74.9,B,3.0
78.0,9,2.53,100.0,69.49,81.4,91.81,45.02,68.82,74.88,B,3.0
77.2,9,3.42,73.43,84.29,68.82,80.93,84.96,78.31,78.59,B+,3.3
70.5,6,4.0,62.79,100.0,84.34,76.36,71.73,85.19,84.33,A-,3.7
87.1,9,2.4,71.19,63.53,100.0,70.08,55.84,56.14,65.31,C+,2.3
100.0,7,2.8,99.63,57.4,76.77,72.33,100.0,60.31,69.71,B-,2.7
69.2,9,3.14,50.35,52.11,80.89,86.73,79.28,42.86,54.11,C-,1.7
82.3,6,3.47,47.28,74.48,63.9,82.92,74.2,74.7,69.84,B-,2.7
98.9,7,2.66,78.77,78.1,87.92,74.86,71.84,67.67,74.53,B,3.0
81.0,4,1.5,62.26,53.17,78.07,94.07,47.71,56.92,60.29,C,2.0
87.4,7,3.82,81.04,86.38,87.68,25.52,62.66,88.91,82.49,A-,3.7
69.3,4,3.46,89.75,76.02,78.97,82.75,93.56,74.43,78.95,B+,3.3
87.1,3,1.95,62.32,64.3,73.1,81.53,63.98,55.65,62.27,C,2.0
79.8,9,2.64,48.74,55.4,88.86,95.49,77.15,62.28,63.59,C+,2.3
93.8,8,3.94,100.0,68.03,88.39,79.57,54.12,74.22,77.22,B,3.0
96.2,11,3.87,69.84,38.92,94.58,86.54,66.35,73.53,66.72,C+,2.3
100.0,6,3.56,64.55,77.21,89.02,96.19,88.98,75.24,77.24,B+,3.3
89.0,9,2.89,95.32,72.18,98.24,100.0,84.05,70.73,79.66,B+,3.3
85.9,10,3.05,74.02,75.81,93.91,72.38,100.0,85.04,82.08,A-,3.7
84.3,9,2.92,77.46,79.48,86.72,81.22,97.21,87.36,84.03,A-,3.7
77.8,4,3.68,84.54,76.47,100.0,100.0,74.07,60.79,74.82,B,3.0
86.1,8,2.47,92.34,67.32,87.13,35.86,82.71,82.93,78.49,B+,3.3
78.5,9,2.52,71.23,70.01,97.89,61.81,71.8,71.85,73.4,B,3.0
84.0,8,3.61,100.0,50.97,93.72,100.0,100.0,72.62,76.16,B,3.0
97.8,1,2.97,42.32,58.02,58.26,92.03,90.45,62.75,60.9,C,2.0
69.9,8,3.83,91.31,73.72,100.0,87.31,82.29,71.57,79.23,B+,3.3
95.7,16,2.6,70.58,64.4,90.79,73.1,85.98,81.42,76.29,B,3.0
97.8,6,2.97,98.44,84.62,83.24,59.99,98.09,73.0,81.35,B+,3.3
80.6,5,2.45,75.49,55.82,82.74,60.72,81.47,44.16,58.33,C,2.0
56.5,9,3.0,65.86,72.41,77.81,100.0,97.77,60.78,69.96,B-,2.7
74.7,9,2.11,84.15,69.08,82.93,60.9,43.5,71.46,71.99,B-,2.7
97.6,12,2.71,94.4,85.94,79.9,80.83,87.46,71.26,80.55,B+,3.3
81.7,2,2.14,79.76,77.54,91.42,54.56,62.91,80.95,78.74,B+,3.3
70.0,10,3.42,64.23,83.78,84.32,92.85,100.0,89.17,84.32,A-,3.7
75.9,10,3.43,73.05,39.61,81.72,68.61,100.0,72.81,66.59,C+,2.3
92.1,7,1.96,73.89,86.06,68.85,70.19,74.41,71.02,75.12,B,3.0
88.6,9,3.8,81.74,99.8,91.59,50.06,100.0,87.67,88.94,A,4.0
79.1,12,4.0,95.56,69.6,92.56,53.27,100.0,66.15,75.11,B,3.0
77.6,11,3.03,49.36,76.37,90.24,77.72,80.62,80.67,75.71,B,3.0
77.3,3,2.62,77.32,51.06,65.98,46.46,100.0,58.54,61.7,C,2.0
70.9,11,4.0,78.44,44.62,69.58,100.0,82.35,69.61,66.84,C+,2.3
100.0,7,2.21,63.16,56.92,89.25,36.63,72.74,74.29,67.82,B-,2.7
78.1,8,3.01,66.31,61.81,100.0,61.05,89.57,59.67,66.8,C+,2.3
96.6,8,3.11,76.48,67.02,73.38,78.0,74.75,65.77,69.51,B-,2.7
100.0,7,3.81,28.12,59.8,100.0,73.57,83.33,64.02,62.62,C,2.0
94.0,12,3.22,72.16,63.95,92.09,60.81,100.0,61.35,68.6,B-,2.7
76.8,7,2.7,62.24,68.2,81.3,56.14,75.65,61.46,65.69,C+,2.3
86.8,3,2.43,80.49,53.18,73.73,52.67,48.77,59.04,61.43,C,2.0
81.7,6,2.79,63.45,77.23,64.92,68.37,80.67,62.57,67.8,B-,2.7
71.2,8,2.4,71.09,78.23,92.17,100.0,64.57,84.49,81.46,B+,3.3
85.9,12,3.03,100.0,100.0,77.8,80.51,93.22,72.93,85.64,A-,3.7
67.9,10,2.66,91.35,87.44,73.07,95.72,86.18,90.46,88.15,A,4.0
96.3,4,2.1,86.36,69.72,90.73,79.96,93.43,73.45,77.51,B+,3.3
76.4,17,3.75,79.04,69.62,69.94,100.0,99.25,73.1,75.46,B,3.0
84.4,9,2.7,85.69,75.24,65.26,25.14,92.8,59.63,67.94,B-,2.7
85.4,13,2.24,75.09,76.83,84.38,71.12,69.23,52.0,66.72,C+,2.3
78.9,7,2.9,73.45,61.18,85.91,97.92,87.65,57.91,67.34,C+,2.3
89.0,10,3.04,86.21,85.6,91.88,67.77,100.0,90.32,88.03,A,4.0
76.3,11,1.95,66.18,45.76,77.51,100.0,65.49,56.82,60.12,C,2.0
92.5,12,3.2,100.0,71.54,100.0,100.0,100.0,92.25,89.78,A,4.0
65.8,12,2.37,74.06,78.35,79.73,66.02,68.77,65.89,71.76,B-,2.7
83.5,11,4.0,93.33,72.45,87.28,72.99,72.12,84.28,81.81,B+,3.3
100.0,6,3.31,100.0,69.13,75.88,59.2,83.59,62.98,72.2,B-,2.7
70.0,5,2.76,89.01,64.34,81.03,60.21,83.56,55.37,66.88,C+,2.3
73.9,9,2.55,54.76,55.52,89.27,51.7,88.65,58.42,61.41,C,2.0
88.2,11,2.94,86.95,92.06,100.0,86.0,66.82,76.46,84.28,A-,3.7
84.2,7,3.37,91.56,55.51,66.93,50.59,84.88,47.65,60.14,C,2.0
86.2,12,2.98,94.32,79.03,83.99,89.81,71.34,76.84,81.1,B+,3.3
87.9,13,2.87,64.67,80.99,92.73,90.68,60.53,76.92,77.55,B+,3.3
89.6,4,3.04,66.06,53.74,88.96,44.02,62.92,68.93,65.16,C+,2.3
95.3,4,2.64,89.81,69.06,80.97,100.0,64.38,76.38,77.6,B+,3.3
86.9,7,2.79,65.32,55.2,89.26,83.99,84.05,73.63,70.38,B-,2.7
79.1,9,1.75,68.71,88.47,69.5,84.7,89.34,79.67,79.95,B+,3.3
90.1,5,3.58,100.0,53.61,100.0,63.17,58.21,68.54,71.89,B-,2.7
100.0,13,3.18,83.1,66.36,100.0,93.02,88.75,63.51,73.55,B,3.0
80.4,9,2.54,65.6,49.91,66.36,94.78,60.03,58.78,60.21,C,2.0
70.3,8,4.0,67.47,51.91,73.73,76.86,89.44,68.54,66.2,C+,2.3
95.3,2,3.05,80.12,93.59,68.57,100.0,66.41,88.33,85.92,A-,3.7
80.6,2,2.38,50.98,72.66,85.12,69.77,56.26,65.84,66.96,C+,2.3
55.9,9,3.51,74.22,73.17,68.51,96.46,89.13,84.46,79.34,B+,3.3
92.2,1,3.24,79.88,57.37,76.91,78.15,66.66,48.39,60.61,C,2.0
75.6,12,3.24,100.0,88.44,92.38,89.46,76.5,81.75,87.35,A,4.0
80.9,7,2.74,85.96,55.76,81.16,43.87,44.87,64.15,65.05,C+,2.3
86.0,20,3.27,76.97,93.38,96.79,92.36,100.0,100.0,94.19,A,4.0
84.3,17,2.84,100.0,62.73,76.9,68.46,95.18,74.36,76.3,B,3.0
90.5,7,3.33,74.78,61.96,92.41,62.03,79.35,65.06,69.04,B-,2.7
76.8,7,1.86,53.48,77.15,70.66,100.0,50.63,70.25,70.01,B-,2.7
88.2,11,2.74,76.9,86.3,81.58,73.63,96.41,66.56,76.39,B,3.0
78.9,14,4.0,100.0,88.25,94.54,65.63,76.36,100.0,93.62,A,4.0
90.9,1,2.54,74.43,48.16,79.19,63.49,65.6,43.11,54.82,C-,1.7
89.4,1,2.64,72.39,58.05,78.49,46.79,100.0,37.43,55.53,C-,1.7
70.8,5,2.73,98.06,69.01,70.49,97.31,63.65,68.09,74.29,B,3.0
95.0,10,2.27,56.11,56.99,79.99,63.06,87.97,76.92,68.98,B-,2.7
75.6,9,1.68,53.3,87.52,78.61,80.11,80.45,75.7,76.04,B,3.0
91.7,12,2.86,56.77,35.58,70.51,100.0,86.47,62.78,58.9,C,2.0
86.4,3,3.08,80.65,55.6,75.51,64.06,79.01,59.41,64.46,C+,2.3
100.0,1,2.97,77.08,59.43,85.23,82.16,79.85,58.61,66.48,C+,2.3
79.3,11,2.91,100.0,26.77,69.94,58.73,83.08,39.87,51.72,D+,1.3
77.8,4,3.03,78.35,45.36,94.58,100.0,73.97,36.03,55.66,C-,1.7
81.8,1,3.61,69.26,78.32,96.56,90.17,96.48,72.44,77.94,B+,3.3
78.4,8,2.89,77.03,70.48,68.06,71.53,58.62,79.41,74.25,B,3.0
91.6,11,2.66,81.27,97.67,100.0,63.59,93.8,87.47,89.46,A,4.0
62.6,7,2.83,49.4,92.2,78.76,70.43,85.99,78.55,77.58,B+,3.3
69.4,6,3.35,100.0,76.47,87.56,68.42,86.32,90.79,86.93,A,4.0
69.2,7,3.85,87.02,77.23,79.26,100.0,94.86,79.78,81.94,B+,3.3
93.4,6,2.62,79.17,70.07,93.1,51.96,74.72,65.37,71.19,B-,2.7
100.0,2,3.06,84.87,26.16,86.51,76.07,49.47,39.09,49.83,D,1.0
80.7,5,3.2,87.01,47.06,72.6,74.04,75.36,78.58,70.98,B-,2.7
80.0,10,2.4,74.49,71.21,68.62,72.49,62.72,72.05,71.42,B-,2.7
82.8,9,3.01,69.15,81.48,67.1,74.66,68.37,61.66,69.27,B-,2.7
95.9,8,2.12,84.66,73.3,83.93,71.58,58.28,56.49,68.51,B-,2.7
70.9,4,1.94,75.44,48.37,82.52,83.37,62.97,66.61,65.62,C+,2.3
84.9,7,3.22,66.12,86.27,92.08,87.23,69.92,64.42,74.32,B,3.0
93.7,1,2.77,94.44,89.87,77.73,78.69,39.86,90.03,86.34,A-,3.7
88.0,8,3.12,83.28,86.89,71.0,22.27,88.68,46.13,65.31,C+,2.3
84.3,13,2.99,92.44,90.32,79.31,84.89,100.0,98.62,93.07,A,4.0
94.0,2,2.41,93.32,56.49,92.27,40.64,80.93,64.29,69.14,B-,2.7
49.6,5,2.97,72.67,82.55,72.52,81.97,69.5,71.11,74.81,B,3.0
90.1,9,2.26,81.1,71.68,84.07,100.0,75.58,68.67,74.74,B,3.0
74.2,13,3.83,95.99,85.02,76.93,65.17,77.95,100.0,90.5,A,4.0
60.0,6,2.19,60.09,69.81,81.0,64.25,72.22,68.9,68.95,B-,2.7
88.1,5,2.88,76.64,66.89,76.34,63.04,75.31,54.72,64.66,C+,2.3
98.5,1,2.37,73.91,51.27,90.59,92.27,60.26,37.77,55.7,C-,1.7
80.4,8,3.34,64.66,70.69,94.28,78.71,100.0,72.46,74.72,B,3.0
93.4,16,2.8,100.0,92.53,83.79,100.0,62.92,87.53,89.67,A,4.0
100.0,9,2.69,57.95,65.0,83.54,84.51,89.12,50.0,61.98,C,2.0
97.8,7,3.51,61.25,88.01,80.11,83.08,79.3,73.99,76.92,B,3.0
100.0,9,3.02,100.0,85.17,69.35,79.61,100.0,73.54,81.63,B+,3.3
90.9,7,3.31,89.93,67.45,74.94,91.95,84.0,70.38,74.79,B,3.0
82.9,4,2.41,57.34,87.95,81.11,39.45,67.69,73.53,73.47,B,3.0
62.8,11,2.16,83.73,61.93,84.52,74.16,71.15,81.63,76.41,B,3.0
79.0,8,3.06,99.76,94.89,85.52,74.48,78.3,91.85,91.62,A,4.0
71.9,8,2.81,75.58,75.98,78.41,87.09,60.03,62.73,70.62,B-,2.7
100.0,4,3.38,100.0,71.07,95.52,72.94,67.58,75.14,79.4,B+,3.3
79.9,13,2.95,55.03,59.69,87.65,60.19,55.9,64.45,63.53,C+,2.3
83.5,10,3.12,90.24,71.42,94.27,77.96,66.91,60.75,72.36,B-,2.7
88.6,5,2.03,89.98,62.22,57.19,50.99,73.79,63.15,66.27,C+,2.3
82.5,12,4.0,98.02,57.52,43.58,48.0,88.85,86.48,74.87,B,3.0
100.0,6,2.9,74.73,67.32,87.21,88.89,50.09,65.88,70.06,B-,2.7
74.5,4,3.42,71.57,56.07,64.83,84.35,74.01,43.17,56.42,C-,1.7
84.3,4,2.5,79.89,75.61,76.68,79.64,81.12,67.48,73.58,B,3.0
73.1,1,3.18,84.97,86.63,75.1,94.18,70.45,59.7,74.03,B,3.0
66.2,9,2.22,82.84,47.17,98.85,59.83,64.93,68.35,67.68,C+,2.3
74.7,1,3.27,88.85,93.65,84.05,45.49,67.48,79.01,82.4,A-,3.7
81.6,3,2.79,58.14,64.36,81.41,70.16,65.85,56.92,62.52,C,2.0
76.8,1,3.02,69.04,49.86,88.5,64.2,63.55,50.53,58.27,C,2.0
73.7,7,3.42,63.85,83.07,88.37,60.79,80.38,70.38,74.39,B,3.0
65.1,7,2.26,66.66,58.31,72.96,69.01,100.0,60.05,64.34,C+,2.3
81.0,6,2.59,89.89,66.35,93.52,61.65,64.25,58.92,69.29,B-,2.7
63.9,3,3.27,75.19,60.1,66.25,38.52,69.12,43.87,55.86,C-,1.7
91.1,3,4.0,100.0,59.14,89.09,69.27,78.49,78.59,77.52,B+,3.3
83.0,9,2.92,81.18,82.86,65.71,55.83,68.66,68.31,73.01,B,3.0
64.5,5,3.35,76.25,63.77,83.8,77.52,90.73,67.53,71.18,B-,2.7
78.3,9,2.94,79.48,47.9,86.21,64.08,44.7,62.1,62.8,C,2.0
73.0,4,4.0,68.53,79.92,100.0,96.11,70.67,76.81,79.32,B+,3.3
85.8,8,1.95,73.11,47.69,61.2,100.0,85.44,44.57,56.11,C-,1.7
98.1,13,3.06,100.0,57.7,81.94,93.38,79.03,55.54,68.45,B-,2.7
59.5,10,2.02,74.74,85.11,88.9,43.11,61.54,66.04,73.03,B,3.0
83.4,6,1.5,58.64,44.4,80.56,95.63,76.71,55.44,58.74,C,2.0
80.1,9,3.18,65.15,34.97,87.19,100.0,91.72,49.49,56.61,C-,1.7
90.1,7,3.08,71.48,81.2,72.76,76.57,81.18,67.76,73.29,B,3.0
84.6,8,2.83,78.49,65.52,76.29,99.19,66.16,88.23,79.34,B+,3.3
73.0,6,2.94,93.16,64.78,96.2,63.33,81.65,50.15,67.1,C+,2.3
78.2,7,4.0,60.61,68.69,86.1,45.13,75.09,58.89,64.44,C+,2.3
72.4,8,2.85,71.44,72.95,86.74,60.55,86.67,88.02,80.2,B+,3.3
94.9,4,3.31,79.69,58.49,82.15,100.0,98.3,64.31,70.43,B-,2.7
82.3,3,2.61,45.26,89.39,64.57,43.93,36.29,54.73,61.5,C,2.0
100.0,2,3.18,63.62,45.5,93.33,74.11,77.67,65.8,64.16,C+,2.3
81.3,1,2.86,62.07,72.39,84.31,70.88,47.97,61.09,66.22,C+,2.3
73.5,3,2.75,60.51,75.72,100.0,61.22,100.0,63.07,71.3,B-,2.7
63.8,8,4.0,82.86,60.83,73.79,70.0,73.43,69.23,69.88,B-,2.7
60.4,4,3.71,73.27,52.3,91.55,74.98,86.13,54.82,63.2,C+,2.3
63.0,10,3.08,69.29,86.89,67.88,65.5,77.13,64.1,71.68,B-,2.7
85.2,8,1.62,79.02,49.75,80.49,45.0,61.36,54.03,59.27,C,2.0
88.1,1,2.78,98.48,55.92,90.35,74.5,59.72,50.48,64.69,C+,2.3
63.0,10,4.0,100.0,88.5,62.43,98.62,100.0,84.18,86.97,A,4.0
92.7,11,2.86,51.57,73.97,83.95,94.06,93.79,74.05,73.64,B,3.0
76.2,4,3.66,85.72,41.31,76.3,60.48,100.0,65.71,65.12,C+,2.3
83.8,9,3.87,79.49,100.0,79.74,57.64,82.94,94.63,89.78,A,4.0
100.0,4,3.13,79.65,61.84,87.94,70.2,81.35,59.82,67.71,C+,2.3
92.8,8,2.49,70.87,63.4,96.29,100.0,73.1,71.49,73.36,B,3.0
78.8,2,1.54,69.2,64.53,71.84,77.06,63.42,60.68,64.99,C+,2.3
71.3,1,3.41,75.74,76.47,81.94,84.14,58.88,69.85,73.76,B,3.0
56.2,6,2.51,63.18,96.24,79.23,85.88,73.04,69.82,77.33,B+,3.3
73.4,7,3.11,63.23,43.12,82.7,82.25,65.63,45.14,53.99,C-,1.7
79.5,6,2.25,66.42,79.37,66.08,73.32,79.34,71.09,72.48,B,3.0
70.2,3,2.84,75.99,77.37,91.78,82.4,74.86,51.67,68.45,B-,2.7
80.4,6,3.02,85.3,67.13,85.86,64.49,80.35,64.85,71.34,B-,2.7
82.9,9,3.16,92.03,84.83,89.97,51.77,100.0,53.43,72.97,B,3.0
79.3,7,2.33,66.74,82.1,70.47,85.16,73.62,55.55,67.74,B-,2.7
74.2,8,3.72,84.16,50.79,80.39,100.0,90.49,57.03,65.7,C+,2.3
84.0,5,2.64,88.9,95.46,78.35,52.33,100.0,88.29,87.96,A,4.0
87.3,12,2.0,94.61,45.19,64.72,89.92,95.42,68.89,68.78,B-,2.7
68.9,3,2.93,71.83,47.54,58.45,100.0,88.85,49.12,57.59,C-,1.7
98.9,9,3.02,76.96,69.08,79.06,78.23,75.98,76.39,74.98,B,3.0
80.8,12,3.1,83.75,100.0,93.15,64.16,84.1,94.92,92.26,A,4.0
82.2,9,3.82,64.55,69.87,79.96,82.01,63.34,67.59,69.45,B-,2.7
90.5,7,2.86,74.49,69.88,71.16,65.48,84.37,52.29,64.17,C+,2.3
84.8,5,2.93,86.87,91.61,71.92,62.6,79.54,72.97,79.42,B+,3.3
93.4,12,2.34,88.73,67.29,79.64,84.9,79.43,70.28,74.42,B,3.0
85.4,2,3.49,71.85,50.05,77.65,45.03,90.28,43.23,55.11,C-,1.7
74.7,4,3.11,77.98,61.03,100.0,46.72,57.8,65.78,68.49,B-,2.7
86.3,6,2.75,63.46,90.76,94.49,74.18,98.72,78.09,81.54,B+,3.3
68.3,12,1.86,85.22,68.8,92.97,72.27,87.29,75.68,77.53,B+,3.3
83.3,9,3.87,80.94,100.0,100.0,86.29,81.12,89.73,91.4,A,4.0
81.6,4,2.26,67.86,76.81,66.01,100.0,69.92,71.95,73.26,B,3.0
79.5,6,2.65,69.32,57.43,66.08,74.63,81.48,57.12,62.02,C,2.0
80.5,5,3.22,75.49,70.25,69.15,85.2,97.72,69.3,72.67,B,3.0
59.4,5,2.28,63.84,49.91,92.57,51.0,71.98,50.42,57.63,C-,1.7
75.4,11,2.1,85.51,57.95,75.07,87.46,77.66,59.42,66.85,C+,2.3
83.1,2,1.73,62.7,100.0,59.61,57.15,68.88,80.88,79.02,B+,3.3
83.9,14,3.43,100.0,93.21,84.74,83.2,100.0,68.55,83.36,A-,3.7
69.7,11,2.67,99.33,84.13,80.49,73.39,72.19,87.57,86.29,A-,3.7
97.2,12,4.0,72.75,69.15,95.34,100.0,85.71,70.19,75.09,B,3.0
71.6,6,2.4,74.01,91.07,81.97,47.38,93.45,65.77,75.42,B,3.0
93.6,7,2.45,66.3,86.65,72.12,32.96,78.12,71.36,72.92,B,3.0
87.1,2,2.66,67.85,95.86,86.98,66.91,88.67,58.25,73.92,B,3.0
74.2,5,3.15,100.0,97.85,73.85,81.95,62.76,72.23,82.97,A-,3.7
100.0,9,2.72,74.57,48.51,83.3,79.92,76.31,51.79,60.17,C,2.0
67.7,13,3.37,86.75,56.59,95.59,100.0,100.0,71.17,75.19,B,3.0
93.0,3,2.41,81.16,49.98,71.34,78.91,63.57,46.66,57.59,C-,1.7
94.0,6,2.17,59.27,52.18,73.45,62.13,72.16,69.76,63.9,C+,2.3
74.0,7,1.92,59.15,70.16,85.08,28.12,75.57,78.65,71.56,B-,2.7
98.7,2,1.67,51.86,53.88,65.66,63.68,56.1,27.34,44.74,F,0.0
79.0,10,2.69,64.37,100.0,79.04,94.16,71.87,85.53,85.07,A-,3.7
85.5,5,2.82,32.58,98.8,88.0,66.27,76.91,79.75,77.45,B+,3.3
85.1,7,2.62,84.06,68.79,100.0,74.4,76.54,74.9,77.31,B+,3.3
80.4,6,3.75,100.0,100.0,92.5,84.82,97.16,80.64,90.61,A,4.0
91.7,4,3.74,81.15,95.74,90.6,58.65,100.0,77.37,84.05,A-,3.7
91.5,7,2.8,56.01,63.04,89.62,86.47,65.26,54.93,62.68,C,2.0
61.0,7,1.92,61.04,31.53,63.8,98.15,72.24,42.52,48.94,D,1.0
97.7,6,2.66,69.73,66.12,84.0,71.5,86.05,52.24,64.16,C+,2.3
62.1,5,2.64,57.01,54.96,77.91,49.95,93.5,54.7,59.13,C,2.0
94.4,9,2.61,91.08,74.48,88.04,74.98,88.24,58.67,72.72,B,3.0
95.5,14,2.58,93.82,76.1,89.07,39.63,85.74,74.64,78.13,B+,3.3
68.9,8,2.61,57.6,68.94,85.49,78.99,84.26,52.97,63.77,C+,2.3
77.1,11,2.77,89.37,79.87,80.75,84.63,87.92,79.3,81.79,B+,3.3
68.7,2,2.62,93.65,44.35,77.45,98.91,57.76,48.62,60.16,C,2.0
79.4,8,3.12,100.0,77.6,69.29,72.53,80.72,77.34,79.93,B+,3.3
78.3,3,3.22,100.0,60.78,76.97,80.16,95.24,76.89,77.42,B+,3.3
91.4,2,2.45,58.81,68.54,95.03,54.84,69.44,75.47,71.86,B-,2.7
97.7,5,3.76,100.0,88.63,90.14,71.89,82.12,55.04,75.89,B,3.0
98.7,12,2.41,74.6,53.32,85.66,50.46,76.51,54.11,61.08,C,2.0
75.3,11,2.03,66.46,63.85,100.0,69.84,42.96,61.44,66.15,C+,2.3
79.5,8,3.23,83.38,69.57,68.14,70.97,78.76,73.31,73.53,B,3.0
61.8,1,2.51,60.19,53.69,61.61,72.31,73.15,34.46,49.67,D,1.0
72.3,7,3.19,82.88,84.29,100.0,63.67,69.72,66.22,76.66,B,3.0
93.6,9,1.56,54.1,55.37,80.45,73.4,57.74,56.82,59.29,C,2.0
100.0,8,3.84,79.38,67.07,86.05,74.96,70.63,71.07,72.99,B,3.0
67.2,1,3.4,92.3,54.66,64.63,65.05,83.72,62.64,66.47,C+,2.3
74.9,4,2.1,69.83,81.16,82.06,70.14,98.31,72.26,76.3,B,3.0
81.7,7,2.11,75.63,58.63,86.04,72.24,92.86,65.57,69.09,B-,2.7
85.4,10,4.0,90.67,83.9,76.41,95.24,64.72,82.24,83.11,A-,3.7
72.3,1,2.56,87.73,94.78,74.49,66.0,82.13,73.63,81.16,B+,3.3
87.1,7,2.5,50.78,67.41,77.58,67.31,66.33,67.17,65.78,C+,2.3
76.3,8,1.64,80.56,82.58,80.86,66.54,63.64,47.42,66.29,C+,2.3
81.8,11,2.79,75.02,98.78,71.61,64.18,72.57,95.43,88.12,A,4.0
88.6,10,2.86,81.8,88.74,100.0,70.82,89.18,58.37,75.8,B,3.0
82.1,10,3.43,96.83,73.66,97.92,100.0,94.36,68.78,79.96,B+,3.3
76.8,4,2.16,53.21,74.39,72.76,52.69,69.75,57.27,62.89,C,2.0
80.7,1,2.09,53.94,41.53,72.53,62.11,68.0,51.16,52.7,D+,1.3
80.9,6,3.27,48.34,57.89,81.73,68.4,83.87,28.92,49.08,D,1.0
77.6,12,3.6,74.32,65.89,79.22,76.11,90.51,71.47,72.46,B-,2.7
78.9,13,2.06,97.19,100.0,77.91,69.27,93.7,93.34,92.85,A,4.0
100.0,10,3.65,81.79,63.6,86.36,86.63,65.62,80.53,76.63,B,3.0
88.7,9,3.02,59.15,59.01,100.0,46.47,79.53,56.1,62.37,C,2.0
78.5,9,3.66,73.5,57.09,98.15,97.46,65.84,64.73,69.17,B-,2.7
90.4,5,2.96,54.06,78.34,93.6,85.77,75.67,61.86,69.87,B-,2.7
78.0,7,1.5,53.82,65.98,81.14,46.33,67.53,53.35,59.71,C,2.0
96.1,14,2.91,88.88,93.44,75.64,40.21,82.4,71.86,79.13,B+,3.3
86.4,4,3.64,60.39,81.74,83.5,58.41,66.8,59.57,67.93,B-,2.7
80.7,14,2.46,96.4,50.62,97.36,73.34,58.89,72.05,72.28,B-,2.7
87.4,6,2.77,74.95,56.1,66.92,100.0,46.7,60.45,63.48,C+,2.3
63.1,13,2.89,80.25,93.82,92.61,86.75,77.13,88.91,88.51,A,4.0
68.5,2,1.5,62.07,56.0,100.0,31.71,60.22,53.7,59.39,C,2.0
67.7,10,4.0,93.36,93.77,100.0,67.36,72.31,93.04,91.65,A,4.0
83.7,5,2.46,85.46,64.32,96.68,70.75,92.23,75.04,76.73,B,3.0
100.0,2,3.3,81.63,54.12,85.22,79.17,64.57,41.93,58.25,C,2.0
100.0,8,2.95,87.87,67.55,97.02,53.73,99.24,62.38,72.37,B-,2.7
89.7,12,3.75,81.19,61.88,81.76,79.94,100.0,70.16,72.89,B,3.0
88.0,4,3.24,84.69,60.51,92.11,61.64,49.25,62.54,67.6,C+,2.3
60.4,2,2.86,65.81,67.09,84.73,49.01,72.17,53.19,62.45,C,2.0
75.5,7,2.46,74.32,75.48,83.77,76.96,68.69,77.52,76.68,B,3.0
72.5,7,3.48,73.95,45.63,99.86,90.0,37.3,79.44,70.63,B-,2.7
74.5,10,1.88,67.11,66.69,73.5,87.11,53.75,65.2,67.21,C+,2.3
80.0,11,3.39,70.92,64.87,85.02,89.6,92.11,71.74,73.14,B,3.0
76.3,7,2.34,80.91,56.52,81.04,62.94,100.0,70.59,70.75,B-,2.7
58.2,15,3.75,100.0,78.44,76.96,94.18,95.96,65.55,78.03,B+,3.3
91.0,8,3.1,96.67,63.29,87.82,82.66,83.63,70.95,75.8,B,3.0
69.1,6,3.39,57.82,91.78,62.04,77.08,76.37,82.03,78.31,B+,3.3
84.9,1,3.05,92.73,85.4,91.95,60.38,96.95,67.07,79.15,B+,3.3
100.0,6,1.95,69.23,85.91,80.56,63.06,100.0,58.07,71.3,B-,2.7
71.0,6,2.48,82.23,58.3,72.97,72.55,65.0,58.67,64.55,C+,2.3
51.6,11,3.4,64.87,56.06,74.45,100.0,50.46,63.26,64.02,C+,2.3
78.6,9,3.1,80.69,72.87,81.75,81.98,49.19,61.4,69.61,B-,2.7
95.2,3,3.71,83.17,69.05,92.72,65.46,96.97,89.98,83.12,A-,3.7
100.0,8,3.24,58.29,63.82,93.13,63.58,79.9,60.07,65.21,C+,2.3
67.2,10,2.42,84.52,49.59,72.93,64.55,77.97,48.95,59.07,C,2.0
88.0,14,2.52,100.0,73.02,76.53,100.0,55.61,75.5,78.89,B+,3.3
76.4,11,3.06,76.96,66.11,93.46,70.39,69.04,79.29,76.11,B,3.0
80.7,11,1.61,94.61,78.22,71.54,88.53,70.07,73.01,78.04,B+,3.3
100.0,8,4.0,80.75,87.24,90.32,74.83,86.51,84.96,85.01,A-,3.7
64.0,9,3.27,90.52,88.39,85.27,80.48,72.2,71.31,80.36,B+,3.3
85.0,12,3.74,50.58,56.71,93.6,96.11,69.34,81.13,71.85,B-,2.7
87.6,2,2.05,100.0,69.78,86.66,58.07,59.38,69.69,74.86,B,3.0
95.0,6,3.75,100.0,62.06,71.54,67.16,97.62,79.57,77.74,B+,3.3
83.2,4,4.0,74.85,52.59,62.19,100.0,82.55,64.26,65.43,C+,2.3
85.7,9,2.21,46.13,61.85,74.9,91.43,84.28,68.46,66.04,C+,2.3
77.3,12,3.46,86.29,92.07,100.0,94.2,69.39,76.87,84.89,A-,3.7
85.2,5,3.0,54.36,63.06,100.0,88.19,34.67,55.86,62.41,C,2.0
77.9,1,2.07,75.44,86.82,96.74,75.04,61.45,81.93,82.29,A-,3.7
89.5,6,3.3,84.52,80.13,82.03,100.0,66.22,89.59,85.06,A-,3.7
77.6,11,3.5,67.34,68.15,66.07,80.25,86.35,57.83,65.21,C+,2.3
86.5,10,2.64,95.02,89.77,56.09,86.6,100.0,81.7,84.32,A-,3.7
81.6,9,3.7,93.34,81.39,79.89,53.14,90.99,73.44,78.92,B+,3.3
95.5,6,2.0,88.39,51.83,77.37,56.9,100.0,52.1,62.64,C,2.0
81.4,2,2.1,70.07,92.68,91.55,46.33,77.9,72.55,78.07,B+,3.3
60.7,10,3.08,56.16,74.54,93.8,98.32,68.57,82.57,77.81,B+,3.3
97.1,4,3.02,91.26,69.89,85.32,28.64,81.46,70.75,73.5,B,3.0
71.1,16,2.57,76.53,59.9,75.91,71.35,100.0,66.83,69.35,B-,2.7
74.2,10,3.49,59.53,92.25,74.85,24.49,100.0,80.91,78.07,B+,3.3
74.9,5,3.32,96.55,77.55,85.32,59.31,68.22,68.86,76.32,B,3.0
98.5,5,3.51,100.0,82.46,93.75,68.55,82.93,81.58,85.2,A-,3.7
56.4,7,2.93,73.64,59.14,84.96,97.19,54.25,77.31,72.82,B,3.0
100.0,7,3.36,100.0,86.69,73.92,85.48,91.89,58.81,76.46,B,3.0
94.7,12,2.73,82.16,88.38,94.6,63.79,100.0,89.12,87.72,A,4.0
84.7,8,4.0,76.36,64.37,93.18,99.26,82.63,56.22,68.45,B-,2.7
81.3,5,2.51,64.21,44.0,66.82,71.99,64.33,63.04,59.34,C,2.0
85.4,15,4.0,100.0,89.34,83.63,85.72,92.08,82.87,87.74,A,4.0
88.3,8,3.02,66.81,46.34,92.77,54.86,84.35,46.17,56.31,C-,1.7
89.7,11,2.17,88.38,72.78,80.54,57.53,78.49,77.85,77.45,B+,3.3
88.7,5,3.82,71.26,65.49,100.0,62.8,82.15,71.08,72.74,B,3.0
83.1,9,3.08,72.03,91.43,90.94,77.77,76.5,68.64,77.92,B+,3.3
79.6,9,3.51,95.75,67.01,80.46,79.7,94.24,60.91,72.22,B-,2.7
80.2,1,3.73,69.94,86.36,81.52,100.0,85.95,70.68,77.8,B+,3.3
79.7,16,3.2,77.9,68.74,90.73,88.9,70.21,64.17,71.57,B-,2.7
95.6,13,2.64,98.21,90.22,78.48,30.48,67.07,69.28,77.72,B+,3.3
89.1,6,3.59,100.0,100.0,74.52,82.2,75.91,84.99,89.35,A,4.0
46.7,3,3.0,80.44,46.68,85.19,42.67,81.09,45.54,56.66,C-,1.7
89.9,9,3.41,71.11,78.6,97.07,61.54,83.0,78.58,78.68,B+,3.3
84.3,8,1.71,65.21,100.0,86.12,56.25,63.87,89.58,85.23,A-,3.7
81.8,9,3.27,80.76,73.63,100.0,65.62,83.22,72.45,76.94,B,3.0
77.3,8,2.62,80.62,69.8,75.31,49.06,71.18,67.41,70.05,B-,2.7
95.5,10,3.99,69.69,90.13,100.0,86.17,96.84,100.0,92.14,A,4.0
93.4,13,3.37,94.77,77.58,79.11,56.53,88.58,66.71,75.46,B,3.0
72.7,10,3.14,80.11,44.51,72.68,83.25,74.42,72.24,67.19,C+,2.3
86.9,3,3.29,50.21,87.07,60.83,100.0,79.19,78.58,75.78,B,3.0
70.3,13,2.4,63.8,38.68,78.38,51.8,96.14,64.57,60.3,C,2.0
65.4,14,3.97,76.66,70.55,84.18,77.1,76.25,89.15,80.88,B+,3.3
74.5,20,4.0,88.36,100.0,100.0,42.03,95.09,97.92,94.28,A,4.0
92.3,3,3.24,100.0,63.59,85.22,68.87,75.3,60.69,70.9,B-,2.7
93.4,8,3.95,86.31,64.64,74.42,92.31,88.72,82.12,78.45,B+,3.3
88.2,1,2.66,59.55,79.23,73.45,83.13,63.0,74.0,72.99,B,3.0
90.7,10,2.52,81.46,57.53,79.69,77.54,79.69,75.92,72.8,B,3.0
88.2,5,3.02,71.12,49.84,61.09,90.41,91.91,57.58,61.38,C,2.0
74.3,15,3.26,87.84,80.36,77.2,100.0,69.85,73.77,78.99,B+,3.3
87.2,4,2.76,83.27,64.63,71.31,100.0,55.95,65.09,69.61,B-,2.7
91.6,1,3.32,93.28,48.24,98.34,63.73,57.06,67.63,68.98,B-,2.7
91.1,6,3.18,77.67,81.22,86.33,49.91,61.64,81.04,78.58,B+,3.3
96.3,1,2.4,96.51,72.36,85.88,62.62,80.26,61.61,72.94,B,3.0
90.5,11,3.31,95.61,69.23,70.01,62.94,62.31,74.98,74.9,B,3.0
86.2,1,3.52,64.79,63.74,95.73,81.52,71.23,48.89,62.42,C,2.0
94.8,8,3.1,100.0,80.01,100.0,56.22,88.14,87.82,87.35,A,4.0
81.7,1,3.69,80.53,87.68,57.65,72.32,81.46,62.75,72.55,B,3.0
71.4,6,2.27,59.89,60.9,69.96,85.5,67.02,65.99,65.23,C+,2.3
80.0,14,3.28,100.0,86.4,94.87,79.11,85.59,74.49,84.12,A-,3.7
73.1,9,2.3,100.0,76.85,88.54,55.78,76.31,84.01,83.28,A-,3.7
